,Influencer insta name,instagram name,category,Followers,audience,authentic_engagement,engagement_avg,red_social
0,433,433,Sports with a ball,48500000.0,Spain,383100.0,637000.0,Instagram
1,__youngbae__,TAEYANG,Music,12700000.0,Indonesia,478000.0,542300.0,Instagram
2,_agentgirl_,–ù–ê–°–¢–Ø –ò–í–õ–ï–ï–í–ê,Shows,18800000.0,Russia,310800.0,377900.0,Instagram
3,_imyour_joy,Joy,Lifestyle,13500000.0,Indonesia,1100000.0,1400000.0,Instagram
4,_jeongjaehyun,Jaehyun,Art/Artists,11100000.0,Indonesia,2500000.0,3100000.0,Instagram
5,_mariahwasa,HWASA,Art/Artists,7900000.0,Brazil,915100.0,1200000.0,Instagram
6,_rl9,Robert Lewandowski,Sports with a ball,25000000.0,Poland,588600.0,749000.0,Instagram
7,_seorina,·Ñâ·Ö•·ÜØ·Ñã·Öµ·Ü´·Ñã·Ö° s·¥á·¥è Ä…™…¥·¥Ä,Lifestyle,3000000.0,South Korea,803900.0,997800.0,Instagram
8,_shotaroo_,SHOTARO „Ç∑„Éß„Ç¶„Çø„É≠„Ç¶,Art/Artists,4900000.0,Indonesia,860100.0,1100000.0,Instagram
9,03_hu,·Ñá·Ö°·Ü®·Ñå·Öµ·Ñí·ÖÆ,Art/Artists,4100000.0,South Korea,711000.0,872600.0,Instagram
10,21savage,21savage,Music,13200000.0,United States,263500.0,462000.0,Instagram
11,333cyj333,Ars ,Music,6500000.0,Thailand,359300.0,427700.0,Instagram
12,3gerardpique,Gerard PiqueÃÅ,Sports with a ball,19800000.0,Spain,446100.0,658800.0,Instagram
13,50cent,50 Cent,Music,27900000.0,United States,177500.0,283200.0,Instagram
14,9gag,9GAG: Go Fun The World,Humor & Fun & Happiness,58300000.0,Indonesia,214700.0,276900.0,Instagram
15,abdevilliers17,AB de Villiers,Sports with a ball,17200000.0,India,534000.0,615900.0,Instagram
16,aboflah,AboFlah,Humor & Fun & Happiness,7200000.0,Iraq,793400.0,949400.0,Instagram
17,achrafhakimi,Achraf Hakimi,Sports with a ball,8800000.0,Morocco,520000.0,764500.0,Instagram
18,actorleeminho,·Ñã·Öµ·ÑÜ·Öµ·Ü´·Ñí·Ö© leeminho,Cinema & Actors/actresses,28900000.0,Indonesia,2800000.0,3700000.0,Instagram
19,actorprabhas,Prabhas,Art/Artists,8199999.999999999,India,482200.0,540200.0,Instagram
20,actorsuriya,Suriya Sivakumar,Art/Artists,4100000.0,India,491300.0,637700.0,Instagram
21,acunilicali,Acun Ilƒ±calƒ±,Cinema & Actors/actresses,13600000.0,Turkey,233800.0,286300.0,Instagram
22,adamsandler,Adam Sandler,Cinema & Actors/actresses,12700000.0,United States,395900.0,503900.0,Instagram
23,addisonraee,Adison Rae,Beauty,40500000.0,United States,1100000.0,1600000.0,Instagram
24,adele,Adele,Music,49700000.0,United States,2600000.0,3600000.0,Instagram
25,adidasoriginals,adidas Originals,Clothing & Outfits,34200000.0,United States,52400.0,71800.0,Instagram
26,adinross,Adin Ross,Art/Artists,2600000.0,United States,551100.0,1100000.0,Instagram
27,aespa_official,aespa ·Ñã·Ö¶·Ñâ·Ö≥·Ñë·Ö°,Art/Artists,8300000.000000001,Indonesia,1100000.0,1600000.0,Instagram
28,agustd,SUGA of BTS ÎØºÏú§Í∏∞,Art/Artists,31500000.0,Varios,10900000.0,10900000.0,Instagram
29,aishwaryaraibachchan_arb,AishwaryaRaiBachchan,Cinema & Actors/actresses,10000000.0,India,247600.0,316500.0,Instagram
30,aislinnderbez,Aislinn Derbez,Cinema & Actors/actresses,12000000.0,Mexico,235700.0,295400.0,Instagram
31,akshaykumar,Akshay Kumar,Cinema & Actors/actresses,61100000.0,India,815300.0,971000.0,Instagram
32,alejandrospeitzer,Alejandro Speitzer,Lifestyle,5100000.0,Mexico,313300.0,488600.0,Instagram
33,aleoliveiracm,AleÃÇ Oliveira,Humor & Fun & Happiness,8300000.000000001,Brazil,235800.0,598400.0,Instagram
34,alexademie,Alexa Demie,Art/Artists,10800000.0,United States,1200000.0,2100000.0,Instagram
35,alexandradaddario,alexandra daddario,Cinema & Actors/actresses,22400000.0,India,487900.0,596600.0,Instagram
36,alexis_officia1,Sanchez Alexis,Sports with a ball,13400000.0,Chile,185200.0,304800.0,Instagram
37,alexisren,Alexis Ren,Lifestyle,15800000.0,United States,102000.0,158100.0,Instagram
38,alfinetei,Alfinetadas Dos Famosos ,Humor & Fun & Happiness,21100000.0,Brazil,99500.0,223600.0,Instagram
39,aliaabhatt,Alia Bhatt,Cinema & Actors/actresses,61800000.0,India,1200000.0,1500000.0,Instagram
40,alidaei,Ali Daei,Sports with a ball,8000000.0,Iran,555800.0,937000.0,Instagram
41,aliiiiiiiikarimi8,Ali Karimi,Sports with a ball,9100000.0,Iran,328700.0,495100.0,Instagram
42,alishalehmann7,Alisha Lehmann,Sports with a ball,6800000.0,Brazil,373800.0,705300.0,Instagram
43,alluarjunonline,Allu Arjun,Cinema & Actors/actresses,17600000.0,India,1600000.0,2000000.0,Instagram
44,alok,Alok,Music,27000000.0,Brazil,249600.0,319900.0,Instagram
45,alvaromorata,AÃÅlvaro Morata,Sports with a ball,16200000.0,Italy,113100.0,175200.0,Instagram
46,alvaromorte,√Ålvaro Morte,Cinema & Actors/actresses,12400000.0,India,244500.0,334700.0,Instagram
47,alvxaro,ALVARO,Lifestyle,9200000.0,Brazil,169600.0,424700.0,Instagram
48,alwaysramcharan,Ram Charan,Lifestyle,5600000.0,India,596800.0,668300.0,Instagram
49,amadorat,N I C O L E   A M A D O ,Fashion,8100000.0,Mexico,505000.0,564400.0,Instagram
50,amandacerny,Amanda Cerny,Humor & Fun & Happiness,24100000.0,India,112900.0,180600.0,Instagram
51,amandamanopo,Amanda Manopo,Modeling,15200000.0,Indonesia,189600.0,250500.0,Instagram
52,amarantavp,A M A ,Art/Artists,4900000.0,Mexico,483800.0,605600.0,Instagram
53,amauryguichon,Amaury Guichon,Food & Cooking,6700000.0,United States,357300.0,435700.0,Instagram
54,amitabhbachchan,Amitabh Bachchan,Cinema & Actors/actresses,30000000.0,India,88500.0,103600.0,Instagram
55,amybethmcnulty,AB Mcn,Lifestyle,6300000.0,Brazil,561400.0,771300.0,Instagram
56,ana_d_armas,A N A   D E   A R M A S,Cinema & Actors/actresses,6100000.0,United States,543400.0,735300.0,Instagram
57,ananyapanday,Ananya,Cinema & Actors/actresses,21900000.0,India,318200.0,371800.0,Instagram
58,anasmarwah,Anas Marwah,Family,5500000.0,Iraq,431800.0,557500.0,Instagram
59,andreavaldirisos,ANDREA VALDIRI ,Lifestyle,7700000.0,Colombia,411300.0,584300.0,Instagram
60,andresiniesta8,Andres Iniesta,Sports with a ball,39000000.0,Spain,91500.0,132300.0,Instagram
61,angela_aguilar_,AÃÅngela Aguilar ,Lifestyle,8199999.999999999,Mexico,285500.0,346000.0,Instagram
62,angeldimariajm,AÃÅngel Di MariÃÅa,Sports with a ball,16300000.0,Argentina,294600.0,434100.0,Instagram
63,angelinajolie,Angelina Jolie,Art/Artists,12600000.0,Brazil,274600.0,456200.0,Instagram
64,angelinajolie,Angelina Jolie,Lifestyle,12600000.0,Brazil,274600.0,456100.0,Instagram
65,angeliqueboyer,Angelique Boyer,Shows,13900000.0,Brazil,247400.0,310600.0,Instagram
66,angelrai07,Angel Rai :),Humor & Fun & Happiness,14900000.0,India,462200.0,557400.0,Instagram
67,anguscloud,Angus Cloud,Art/Artists,8300000.000000001,United States,1300000.0,2100000.0,Instagram
68,anitta,Anitta üé§,Music,61100000.0,Brazil,542800.0,1000000.0,Instagram
69,anjimaxuofficially,Anjali Arora,Lifestyle,11100000.0,India,173300.0,221200.0,Instagram
70,annakendrick47,Anna Kendrick,Cinema & Actors/actresses,20300000.0,United States,210000.0,274200.0,Instagram
71,annecurtissmith,Anne Curtis,Music,17800000.0,Philippines,134700.0,152300.0,Instagram
72,annehathaway,Anne Hathaway,Cinema & Actors/actresses,22600000.0,United States,704300.0,928400.0,Instagram
73,annemarie,ANNE-MARIE,Shows,9200000.0,India,242500.0,339600.0,Instagram
74,ansufati,Ansu Fati,Sports with a ball,8000000.0,Spain,475200.0,721000.0,Instagram
75,anthonyjoshua,Throwback Fighter ,Fitness & Gym,13600000.0,United Kingdom,142000.0,192800.0,Instagram
76,antogriezmann,Antoine Griezmann,Sports with a ball,35500000.0,Spain,205300.0,329600.0,Instagram
77,antonelaroccuzzo,Antonela Roccuzzo,Modeling,19000000.0,Argentina,970700.0,1600000.0,Instagram
78,anuel,‚ÄúREAL HASTA LA MUERTE‚Äù,Music,27900000.0,Spain,586000.0,892100.0,Instagram
79,anupamaparameswaran96,Anupama Parameswaran,Cinema & Actors/actresses,11400000.0,India,510400.0,583300.0,Instagram
80,anushkasen0408,Anushka Sen,Cinema & Actors/actresses,34500000.0,India,379100.0,443800.0,Instagram
81,anushkasharma,AnushkaSharma1588,Cinema & Actors/actresses,57500000.0,India,1100000.0,1300000.0,Instagram
82,anyageraldine,anya geraldine,Music,10700000.0,Indonesia,182300.0,305200.0,Instagram
83,anyataylorjoy,Anya Taylor-Joy,Art/Artists,8800000.0,United States,679600.0,979900.0,Instagram
84,aoc,Alexandria Ocasio-Cortez,Art/Artists,8500000.0,United States,290100.0,363000.0,Instagram
85,apple,apple,Computers & Gadgets,27400000.0,India,83400.0,111200.0,Instagram
86,araikgalstyanmoscowschool,Ôº°Ôº≤Ôº°Ôº©Ôº´  ÔºßÔº°Ôº¨Ôº≥Ôº¥ÔºπÔº°ÔºÆ¬ÆÔ∏è,Beauty,13000000.0,Turkey,323000.0,416700.0,Instagram
87,arianagrande,Ariana Grande,Music,302300000.0,United States,2900000.0,4100000.0,Instagram
88,arigameplays,ARIGAMEPLAYS,Art/Artists,9700000.0,Mexico,900600.0,1100000.0,Instagram
89,arishfakhan138,Sayyed Arishfa Khan ,Cinema & Actors/actresses,28000000.0,India,183100.0,221400.0,Instagram
90,arminzareeiofficial,Armin Zareei,Art/Artists,9500000.0,Iran,178500.0,286100.0,Instagram
91,aron.piper,ARON PIPER,Music,13900000.0,Brazil,273100.0,515600.0,Instagram
92,arsenal,Arsenal Official,Sports with a ball,21500000.0,United Kingdom,79900.0,120000.0,Instagram
93,arthuraguiar,Arthur Aguiar,Music,12700000.0,Brazil,104100.0,236800.0,Instagram
94,asalamaleh,Asala Maleh,Shows,6600000.0,Iraq,415900.0,514500.0,Instagram
95,asaprocky,GRIM,Music,14600000.0,United States,383600.0,641700.0,Instagram
96,ashishchanchlani,Ashish Chanchlani,Cinema & Actors/actresses,13300000.0,India,832600.0,1000000.0,Instagram
97,ashleybenson,Ashley Benson,Modeling,22400000.0,Brazil,101000.0,144300.0,Instagram
98,ashleygraham,A S H L E Y  G R A H A M,Modeling,17200000.0,United States,392700.0,519500.0,Instagram
99,aslisona,Sonakshi Sinha,Cinema & Actors/actresses,21400000.0,India,110200.0,134100.0,Instagram
100,ateez_official_,ATEEZ(ÏóêÏù¥Ìã∞Ï¶à),Music,6300000.0,United States,410900.0,472100.0,Instagram
101,attahalilintar,Atta Halilintar - PAPATA,Art/Artists,23100000.0,Indonesia,140200.0,192300.0,Instagram
102,auba,Pierre-Emerick Aubameyang,Sports with a ball,12000000.0,United Kingdom,379300.0,602100.0,Instagram
103,aum_patchrapa,Patchrapa Chai,Cinema & Actors/actresses,14100000.0,Thailand,150300.0,179200.0,Instagram
104,aurelie.hermansyah,Aurelie Hermansyah Atta,Beauty,25300000.0,Indonesia,475200.0,601100.0,Instagram
105,avani,avani,Beauty,18800000.0,United States,337000.0,451900.0,Instagram
106,avneetkaur_13,Avneet Kaur Official,Cinema & Actors/actresses,30500000.0,India,281300.0,341100.0,Instagram
107,avrillavigne,Avril Lavigne,Music,10700000.0,Brazil,211200.0,263000.0,Instagram
108,awez_darbar,Awez Darbar,Shows,17800000.0,India,466000.0,558400.0,Instagram
109,aykutelmas,Aykut Elmas,Cinema & Actors/actresses,6800000.0,Turkey,321000.0,376500.0,Instagram
110,badbunnypr,Bad Bunny,Music,38500000.0,United States,2500000.0,3900000.0,Instagram
111,badgalriri,badgalriri,Music,125100000.0,United States,2800000.0,4600000.0,Instagram
112,baifernbah,baifernbah,Lifestyle,10400000.0,Indonesia,224500.0,284600.0,Instagram
113,bambam1a,BamBam,Music,16000000.0,Brazil,684300.0,863000.0,Instagram
114,barackobama,Barack Obama,Finance & Economics,35400000.0,United States,148300.0,174600.0,Instagram
115,barbieferreira,barbie ferreira,Art/Artists,6100000.0,United States,635500.0,1200000.0,Instagram
116,bbrightvc,bright,Cinema & Actors/actresses,13500000.0,Indonesia,1700000.0,2000000.0,Instagram
117,bclsinclair,Bunga Citra Lestari,Music,20200000.0,Indonesia,153500.0,242600.0,Instagram
118,beberexha,Bebe Rexha,Music,10800000.0,India,221500.0,327000.0,Instagram
119,bebytsabina,Cut Beby Tshabina,Modeling,7100000.0,Indonesia,243400.0,373900.0,Instagram
120,beingsalmankhan,Salman Khan,Cinema & Actors/actresses,50700000.0,India,474600.0,604400.0,Instagram
121,belindapop,Beli,Music,14900000.0,Mexico,136700.0,197000.0,Instagram
122,bellahadid,Bella Hadid,Modeling,50600000.0,United States,566900.0,905300.0,Instagram
123,bellapoarch,Bella Poarch,Art/Artists,14300000.0,United States,859500.0,1200000.0,Instagram
124,bellathorne,BELLA,Music,25200000.0,United States,289500.0,485700.0,Instagram
125,bernardokath,Kathryn Bernardo ,Beauty,16800000.0,Philippines,452700.0,545400.0,Instagram
126,beyonce,BeyonceÃÅ,Music,246900000.0,United States,2600000.0,3700000.0,Instagram
127,bhadbhabie,Bhabie,Music,16399999.999999998,United States,143100.0,268000.0,Instagram
128,bhuvan.bam22,Bhuvan Bam,Cinema & Actors/actresses,14200000.0,India,741000.0,915800.0,Instagram
129,bianca,BOCA ROSA,Beauty,17700000.0,Brazil,73600.0,172200.0,Instagram
130,bibisbeautypalace,! Bibi,Family,7800000.0,Germany,322700.0,369600.0,Instagram
131,bighit_ent,BigHit Music Updates,Music,13000000.0,Indonesia,721300.0,888500.0,Instagram
132,bigsean,BIGSEAN,Music,14600000.0,United States,169900.0,310300.0,Instagram
133,billieeilish,BILLIE EILISH,Music,101700000.0,United States,2600000.0,3400000.0,Instagram
134,bizarrap,BZRP,Music,11500000.0,Argentina,920800.0,1100000.0,Instagram
135,blackpinkofficial,BLŒõ∆ÜKPI–òK,Music,46200000.0,Indonesia,1100000.0,1400000.0,Instagram
136,blakelively,Blake Lively,Cinema & Actors/actresses,32000000.0,United States,827100.0,1300000.0,Instagram
137,bleacherreport,Bleacher Report,Sports with a ball,18400000.0,United States,103800.0,204700.0,Instagram
138,blythe,Andrea Brillantes,Cinema & Actors/actresses,13400000.0,Philippines,196900.0,224100.0,Instagram
139,bmw,BMW,Cars & Motorbikes,33100000.0,India,73100.0,97600.0,Instagram
140,bn_sj2013,·Ñá·Ö°·Ü®·Ñâ·Ö•·Ñå·ÖÆ·Ü´,Cinema & Actors/actresses,21400000.0,Indonesia,2500000.0,2900000.0,Instagram
141,bobbyindaeyo,Bobby Indaeyo,Music,3400000.0,Indonesia,679100.0,791200.0,Instagram
142,borodylia,–ö—Å–µ–Ω–∏—è –ë–æ—Ä–æ–¥–∏–Ω–∞,Shows,18200000.0,Russia,123000.0,153200.0,Instagram
143,bramastavrl,Verrell Bramasta,Cinema & Actors/actresses,23700000.0,Indonesia,109100.0,138900.0,Instagram
144,brentrivera,Brent Rivera,Music,22100000.0,United States,888300.0,1200000.0,Instagram
145,bretmanrock,Bretman (Da Baddest) Rock,Art/Artists,18300000.0,United States,551000.0,927900.0,Instagram
146,brfootball,Bleacher Report Football,Sports with a ball,11900000.0,United States,146000.0,236000.0,Instagram
147,briandadeyanara,BRIANDA ,Art/Artists,12600000.0,Mexico,355200.0,417300.0,Instagram
148,brianmaps,–ë—Ä–∞–∏ÃÜ–Ω –ú–∞–ø—Å (–ú–∞–∫—Å –¢–∞—Ä–∞—Å–µ–Ω–∫–æ),Photography,5800000.0,Russia,608400.0,627900.0,Instagram
149,britneyspears,Britney Spears,Music,40200000.0,United States,180500.0,251600.0,Instagram
150,brunamarquezine,Bruna Marquezine,Cinema & Actors/actresses,42600000.0,Brazil,485200.0,837200.0,Instagram
151,brunomars,Bruno Mars,Music,24900000.0,Brazil,328700.0,499000.0,Instagram
152,brycehall,Bryce Hall,Music,7500000.0,United States,279200.0,358700.0,Instagram
153,bts.bighitofficial,BTS official,Music,61700000.0,Indonesia,2400000.0,2600000.0,Instagram
154,bugatti,BUGATTI,Cars & Motorbikes,16100000.000000002,United States,124100.0,168500.0,Instagram
155,bumkeyk,SHINee KEY,Music,9000000.0,Indonesia,376300.0,451600.0,Instagram
156,burakozcivit,Burak OÃàzcÃßivit,Cinema & Actors/actresses,20500000.0,Turkey,492800.0,597500.0,Instagram
157,burcuozberk,Burcu OÃàzberk,Cinema & Actors/actresses,9000000.0,Turkey,560900.0,725600.0,Instagram
158,bypamella,BY PAMELLA ,Shows,9400000.0,Brazil,237700.0,406800.0,Instagram
159,c.syresmith,Jaden Smith,Cinema & Actors/actresses,18600000.0,United States,190100.0,294600.0,Instagram
160,camerondallas,Cameron Dallas,Cinema & Actors/actresses,23000000.0,United States,104800.0,182600.0,Instagram
161,camila_cabello,Camila Cabello,Music,60900000.0,Brazil,305400.0,418100.0,Instagram
162,camilaloures,Camila Loures,Shows,17600000.0,Brazil,131500.0,196300.0,Instagram
163,camilladelucas,Camilla de Lucas,Beauty,10800000.0,Brazil,205200.0,376800.0,Instagram
164,camilo,C A M I L O,Music,26400000.0,Argentina,252300.0,398900.0,Instagram
165,camimendes,camila mendes,Cinema & Actors/actresses,26800000.0,Brazil,1100000.0,1600000.0,Instagram
166,canelo,Saul Alvarez,Fitness & Gym,12800000.0,Mexico,203000.0,282200.0,Instagram
167,canyaman,Can Yaman,Cinema & Actors/actresses,9300000.0,Italy,324400.0,402800.0,Instagram
168,caradelevingne,Cara Delevingne,Modeling,43300000.0,United States,130100.0,182800.0,Instagram
169,carlinhosmaiaof,Carlinhos Maia,Lifestyle,24800000.0,Brazil,441900.0,810700.0,Instagram
170,carryminati,Ajey Nagar,Computers & Gadgets,15000000.0,India,885800.0,1000000.0,Instagram
171,casemiro,Casemiro,Sports with a ball,14000000.0,Spain,149800.0,224100.0,Instagram
172,caviarmagnat,by Tregubov,Art/Artists,13300000.0,Russia,148600.0,214400.0,Instagram
173,cazzu,Cazzu,Music,9800000.0,Argentina,396200.0,508000.0,Instagram
174,cbum,Chris Bumstead,Fitness & Gym,6600000.0,United States,248700.0,410600.0,Instagram
175,celestebarber,Celeste Barber,Humor & Fun & Happiness,8900000.0,United States,364800.0,393200.0,Instagram
176,chaelincl,CL,Art/Artists,9800000.0,Brazil,259000.0,342500.0,Instagram
177,championsleague,UEFA Champions League,Sports with a ball,91400000.0,Brazil,255300.0,344400.0,Instagram
178,channingtatum,Channing Tatum,Cinema & Actors/actresses,17000000.0,United States,272100.0,393200.0,Instagram
179,charles_leclerc,Charles Leclerc,Racing Sports,6600000.0,Italy,473900.0,629200.0,Instagram
180,charlidamelio,Charlie Damelio,Lifestyle,47700000.0,United States,1500000.0,1900000.0,Instagram
181,charlieputh,Charlie Puth,Music,15700000.0,United States,320500.0,456200.0,Instagram
182,chelseafc,Chelsea FC,Sports with a ball,33200000.000000004,Indonesia,115700.0,172400.0,Instagram
183,chiaraferragni,Chiara Ferragni ,Beauty,26700000.0,Italy,372000.0,616600.0,Instagram
184,chloegmoretz,Chlo√´ Grace Moretz,Cinema & Actors/actresses,20100000.0,United States,292900.0,392500.0,Instagram
185,choi_seung_hyun_tttop,T.O.P,Art/Artists,13600000.0,Indonesia,337700.0,400700.0,Instagram
186,choquei,CHOQUEI - BBB22,Literature & Journalism,17000000.0,Brazil,90100.0,279500.0,Instagram
187,chrisbrownofficial,BREEZY,Music,106000000.0,United States,157100.0,241900.0,Instagram
188,chrisevans,Chris Evans,Art/Artists,14800000.0,United States,2000000.0,2400000.0,Instagram
189,chrishemsworth,Chris Hemsworth,Cinema & Actors/actresses,54000000.0,India,776600.0,998100.0,Instagram
190,chrissyteigen,chrissy teigen,Shows,37400000.0,United States,158000.0,205500.0,Instagram
191,ciara,Ciara,Music,31300000.0,United States,199400.0,270600.0,Instagram
192,claaragalle,Clara Galle,Art/Artists,3200000.0,Mexico,425200.0,771600.0,Instagram
193,claireholt,Claire Holt,Cinema & Actors/actresses,7400000.0,United States,304100.0,415400.0,Instagram
194,claragnds,Maria Clara Garcia,Art/Artists,6400000.0,Brazil,153400.0,386600.0,Instagram
195,clean_0828,·ÑÄ·Öµ·Ü∑·Ñâ·Ö¶·Ñå·Ö•·Üº,Lifestyle,5500000.0,Indonesia,1300000.0,1600000.0,Instagram
196,cocielo,JuÃÅlio Cocielo Estaniecki,Cinema & Actors/actresses,17800000.0,Brazil,360600.0,564800.0,Instagram
197,coldplay,Coldplay,Music,15400000.0,Brazil,274000.0,381300.0,Instagram
198,cole.labrant,Cole LaBrant,Lifestyle,5000000.0,United States,412600.0,580800.0,Instagram
199,colesprouse,Cole Sprouse,Modeling,36000000.0,United States,352700.0,459300.0,Instagram
200,colleen,Colleen Ballinger,Family,7500000.0,United States,368300.0,463600.0,Instagram
201,conangray,Conan Gray,Music,5700000.0,Brazil,785400.0,1200000.0,Instagram
202,courteneycoxofficial,Courteney Cox,Cinema & Actors/actresses,12100000.0,India,319900.0,421900.0,Instagram
203,cristiano,Cristiano Ronaldo,Sports with a ball,419600000.0,India,5700000.0,7000000.0,Instagram
204,cvillaloboss,CARMEN VILLALOBOS,Shows,19200000.0,Colombia,247300.0,305100.0,Instagram
205,cznburak,Burak OÃàzdemir,Food & Cooking,32900000.0,Turkey,615200.0,836000.0,Instagram
206,d_a___m_i,KIM DA MI,Art/Artists,4300000.0,Indonesia,1100000.0,1400000.0,Instagram
207,d_degeaofficial,David De Gea,Sports with a ball,12900000.0,United Kingdom,306800.0,434400.0,Instagram
208,daddyyankee,Daddy Yankee,Music,44900000.0,Argentina,1300000.0,1800000.0,Instagram
209,dagelan,Dagelan,Humor & Fun & Happiness,20600000.0,Indonesia,83400.0,140500.0,Instagram
210,danbilzerian,Dan Bilzerian,Cinema & Actors/actresses,32800000.0,India,1300000.0,2100000.0,Instagram
211,danialves,Daniel Alves,Sports with a ball,35700000.0,Brazil,170600.0,264900.0,Instagram
212,daniel.k.here,Daniel Kang,Lifestyle,4800000.0,Indonesia,458900.0,577400.0,Instagram
213,danielricciardo,Daniel Ricciardo,Racing Sports,6600000.0,United States,361100.0,469200.0,Instagram
214,dannapaola,Danna Paola,Music,33500000.0,Mexico,931600.0,1300000.0,Instagram
215,daquan,Daquan,Humor & Fun & Happiness,16800000.0,United States,364200.0,561900.0,Instagram
216,darshanravaldz,Darshan Raval #Goriye,Music,14800000.0,India,205900.0,249100.0,Instagram
217,dava_m,Dava M,Business & Careers,13700000.0,Russia,166000.0,215900.0,Instagram
218,davidalaba,David Alaba,Sports with a ball,8500000.0,Spain,301400.0,426700.0,Instagram
219,davidbeckham,David Beckham,Family,71900000.0,India,500400.0,641100.0,Instagram
220,davidluiz23,David Luiz,Sports with a ball,21200000.0,Brazil,69800.0,152400.0,Instagram
221,davido,Davido,Music,23300000.0,Nigeria,184900.0,259300.0,Instagram
222,davidwarner31,David Warner,Sports with a ball,9100000.0,India,238200.0,279700.0,Instagram
223,davikah,davikah,Modeling,15900000.0,Thailand,355300.0,460800.0,Instagram
224,dbook,Devin,Art/Artists,5100000.0,United States,248800.0,489000.0,Instagram
225,ddlovato,Demi Lovato,Music,128700000.0,United States,319800.0,418400.0,Instagram
226,dean.schneider,Dean Schneider,Animals,10100000.0,India,271500.0,348200.0,Instagram
227,dearra,De'arra Taylor,Lifestyle,6000000.0,United States,236900.0,589900.0,Instagram
228,debbyryan,Debby Ryan,Music,16700000.0,United States,169400.0,246400.0,Instagram
229,deepikapadukone,Deepika Padukone,Cinema & Actors/actresses,65500000.0,India,347200.0,450300.0,Instagram
230,deiveleonardo,Deive Leonardo,Literature & Journalism,10800000.0,Brazil,234300.0,431400.0,Instagram
231,demetozdemir,Demet OÃàzdemir,Cinema & Actors/actresses,15000000.0,Turkey,335600.0,449000.0,Instagram
232,demirose,Demi Rose,Modeling,19200000.0,United States,395900.0,515000.0,Instagram
233,dew_jsu,Dew Jsu,Art/Artists,4500000.0,Indonesia,798400.0,1100000.0,Instagram
234,dhanushkraja,Dhanush,Cinema & Actors/actresses,4200000.0,India,685100.0,886300.0,Instagram
235,diddy,LOVE,Music,18400000.0,United States,109400.0,164500.0,Instagram
236,diljitdosanjh,DILJIT DOSANJH,Cinema & Actors/actresses,12900000.0,India,203300.0,244700.0,Instagram
237,dindahw,Dinda Hauw,Cinema & Actors/actresses,13900000.0,Indonesia,288800.0,431500.0,Instagram
238,dishapatani,disha patani ,Cinema & Actors/actresses,49600000.0,India,909300.0,1100000.0,Instagram
239,divyankatripathidahiya,Divyanka Tripathi Dahiya,Shows,18900000.0,India,146500.0,168200.0,Instagram
240,dixiedamelio,dixie,Music,25100000.0,United States,293000.0,430300.0,Instagram
241,djokernole,Novak Djokovic,Sports with a ball,10400000.0,Serbia,195700.0,240900.0,Instagram
242,djsnake,djsnake,Music,9100000.0,India,362200.0,429600.0,Instagram
243,djxiao_888,XIAOJUN,Art/Artists,6600000.0,Indonesia,1100000.0,1300000.0,Instagram
244,dkharbour,David Harbour,Cinema & Actors/actresses,6200000.0,United States,352200.0,461500.0,Instagram
245,dlwlrma,·Ñã·Öµ·Ñå·Öµ·ÑÄ·Ö≥·Ü∑ IU,Art/Artists,25800000.0,South Korea,2900000.0,3500000.0,Instagram
246,dntlrdl,CHOIWOOSHIK,Lifestyle,5900000.0,Indonesia,1500000.0,2000000.0,Instagram
247,do0_nct,Doyoung,Art/Artists,9800000.0,Indonesia,1400000.0,1900000.0,Instagram
248,dojacat,Doja Cat,Music,22400000.0,United States,2800000.0,3900000.0,Instagram
249,domelipa,domelipa,Lifestyle,17200000.0,Mexico,1100000.0,1300000.0,Instagram
250,dominicfike,Dominic Fike,Art/Artists,3700000.0,United States,419900.0,799000.0,Instagram
251,donya,Donya,Fashion,14700000.0,Iran,379800.0,596700.0,Instagram
252,dovecameron,DOVE,Cinema & Actors/actresses,46400000.0,United States,618500.0,807200.0,Instagram
253,dqsalmaan,Dulquer Salmaan,Cinema & Actors/actresses,10200000.0,India,176800.0,239600.0,Instagram
254,dra.deolanebezerra,Deolane Bezerra,Art/Artists,13200000.0,Brazil,352000.0,754100.0,Instagram
255,drewstarkey,Drew Starkey,Art/Artists,3200000.0,United States,630200.0,1200000.0,Instagram
256,dualipa,DUA LIPA,Music,81600000.0,Mexico,2200000.0,2700000.0,Instagram
257,dudewithsign,Seth,Art/Artists,8100000.0,United States,400000.0,628500.0,Instagram
258,dukeandduchessofcambridge,Duke and Duchess of Cambridge,Family,13500000.0,Varios,0.0,214200.0,Instagram
259,dukissj,Ya Supiste,Music,9000000.0,Argentina,607200.0,1100000.0,Instagram
260,dylanminnette,Dylan Minnette,Music,7300000.0,United States,215700.0,350400.0,Instagram
261,dylansprouse,Dylan Sprouse,Cinema & Actors/actresses,9300000.0,United States,350300.0,549800.0,Instagram
262,e_milygarcia,Emily Garcia,Cinema & Actors/actresses,11000000.0,Brazil,230100.0,380500.0,Instagram
263,earthpix,EarthPix  ,Nature & landscapes,22700000.0,United States,118700.0,145900.0,Instagram
264,easportsfifa,EA SPORTS FIFA,Sports with a ball,25800000.0,Spain,70900.0,118300.0,Instagram
265,ebi,EBI,Music,10300000.0,Iran,193600.0,260500.0,Instagram
266,ederbez,Eugenio Derbez,Cinema & Actors/actresses,18100000.0,Mexico,248300.0,278900.0,Instagram
267,egorkreed,–ï–≥–æ—Ä –ö—Ä–∏–¥ | #HeartBreakKid,Music,14700000.0,Russia,322600.0,396900.0,Instagram
268,eilirjani,Elton ILIRJANI,Lifestyle,9500000.0,Albania,423900.0,611600.0,Instagram
269,elcinsangu,ElcÃßin Sangu,Cinema & Actors/actresses,8300000.000000001,Turkey,284600.0,342800.0,Instagram
270,eliana,Eliana Michaelichen,Music,29600000.0,Brazil,119300.0,151500.0,Instagram
271,ellenpompeo,Ellen Pompeo,Cinema & Actors/actresses,10000000.0,Brazil,285800.0,495800.0,Instagram
272,elnazshakerdoost,Elnaz Shakerdoost,Cinema & Actors/actresses,9500000.0,Iran,219000.0,295700.0,Instagram
273,elrodrigocontreras,Rodrigo Contreras,Lifestyle,12700000.0,Mexico,563100.0,620800.0,Instagram
274,elrubiuswtf,el rubius WTF,Computers & Gadgets,16200000.0,Mexico,1400000.0,1500000.0,Instagram
275,emilia_clarke,Emilia Clarke,Cinema & Actors/actresses,27000000.0,India,490500.0,617200.0,Instagram
276,emiliamernes,Emilia Mernes,Music,4900000.0,Argentina,549500.0,1000000.0,Instagram
277,eminem,Marshall Mathers,Cinema & Actors/actresses,35600000.0,Iran,771200.0,993500.0,Instagram
278,emmachamberlain,emma chamberlain,Lifestyle,15300000.0,United States,1100000.0,1700000.0,Instagram
279,emmaroberts,Emma Roberts,Cinema & Actors/actresses,17700000.0,United States,266400.0,392400.0,Instagram
280,emrata,Emily Ratajkowski,Modeling,29000000.0,United States,475400.0,758700.0,Instagram
281,enhypen,ENHYPEN,Art/Artists,9600000.0,Indonesia,1500000.0,2100000.0,Instagram
282,erling.haaland,Erling Braut Haaland,Art/Artists,14800000.0,Brazil,541800.0,811000.0,Instagram
283,esbilgic,Esra Bilgic,Lifestyle,6700000.0,India,319100.0,407100.0,Instagram
284,ester_exposito,Ester Exposito,Cinema & Actors/actresses,29000000.0,Russia,2900000.0,4300000.0,Instagram
285,eunwo.o_c,Ï∞®ÏùÄÏö∞,Music,27400000.0,Indonesia,3600000.0,4500000.0,Instagram
286,euphoria,euphoria,Art/Artists,7900000.0,United States,1100000.0,1800000.0,Instagram
287,evaluna,Evaluna Montaner de Echeverry,Family,19800000.0,Argentina,812100.0,1100000.0,Instagram
288,evcenf,Fahriye Evcen OÃàzcÃßivit,Lifestyle,12800000.0,Turkey,375600.0,473300.0,Instagram
289,ewsbdi,Î°úÏö¥,Art/Artists,4200000.0,Indonesia,488600.0,730200.0,Instagram
290,f1,FORMULA 1,Racing Sports,18300000.0,Italy,266600.0,337700.0,Instagram
291,fabriziorom,Fabrizio Romano,Literature & Journalism,6400000.0,Italy,328900.0,570600.0,Instagram
292,fadiljaidi,Fadil Jaidi,Lifestyle,7000000.0,Indonesia,581500.0,873000.0,Instagram
293,faz3,Fazza,Lifestyle,14000000.0,United Arab Emirates,257300.0,337900.0,Instagram
294,fcbarcelona,FC Barcelona,Sports with a ball,107100000.0,Indonesia,450100.0,687900.0,Instagram
295,fcbayern,FC Bayern,Sports with a ball,31800000.0,Germany,115000.0,167400.0,Instagram
296,fedez,FEDEZ,Music,13700000.0,Italy,725500.0,1000000.0,Instagram
297,feliciathegoat,"Tyler, The Creator",Music,12400000.0,United States,1000000.0,1700000.0,Instagram
298,felicyangelista_,Felicya Angelista,Family,21000000.0,Indonesia,107000.0,147800.0,Instagram
299,felipeneto,Felipe Neto ,Lifestyle,15400000.0,Brazil,166100.0,236000.0,Instagram
300,fifaworldcup,FIFA World Cup,Sports with a ball,25500000.0,India,71200.0,109100.0,Instagram
301,florencepugh,Florence Pugh,Humor & Fun & Happiness,7200000.0,United States,926400.0,1400000.0,Instagram
302,for_everyoung10,Ïû•ÏõêÏòÅ WONYOUNG,Art/Artists,3600000.0,Indonesia,733900.0,926900.0,Instagram
303,fortnite,Fortnite,Computers & Gadgets,26100000.0,United States,102100.0,120300.0,Instagram
304,francety,Francia James,Adult content,10600000.0,India,250400.0,328300.0,Instagram
305,francinyehlke,F–ØAN,Beauty,15200000.0,Brazil,86400.0,188600.0,Instagram
306,frenchmontana,French Montana,Music,24500000.0,United States,91500.0,151600.0,Instagram
307,frenkiedejong,Frenkie de Jong,Sports with a ball,10000000.0,Spain,528600.0,792500.0,Instagram
308,fuckjerry,FUCKJERRY,Humor & Fun & Happiness,16600000.000000002,United States,405300.0,523100.0,Instagram
309,fuji_an,Fujianti Utami Putri,Art/Artists,10300000.0,Indonesia,531800.0,1300000.0,Instagram
310,gabigol,Gabi Lil Gabi,Sports with a ball,9600000.0,Brazil,282000.0,427000.0,Instagram
311,gal_gadot,Gal Gadot,Cinema & Actors/actresses,77000000.0,United States,597500.0,771600.0,Instagram
312,galatasaray,Galatasaray,Sports with a ball,11100000.0,Turkey,254400.0,307800.0,Instagram
313,garethbale11,Gareth Bale,Sports with a ball,46300000.0,Spain,402200.0,633900.0,Instagram
314,gatenm123,Gaten Matarazzo,Music,13600000.0,Brazil,449500.0,594100.0,Instagram
315,geneliad,Genelia Deshmukh,Cinema & Actors/actresses,9600000.0,India,444400.0,550600.0,Instagram
316,georgenotfound,GeorgeNotFound,Art/Artists,3100000.0,United States,997800.0,1100000.0,Instagram
317,georginagio,Georgina RodriÃÅguez,Lifestyle,36500000.0,India,2500000.0,3500000.0,Instagram
318,gessicakayane,GKAY,Shows,19300000.0,Brazil,173600.0,357900.0,Instagram
319,ggonekim,Kim Go-eun,Art/Artists,5100000.0,Indonesia,441600.0,542600.0,Instagram
320,gianlucavacchi,Gianluca Vacchi,Lifestyle,22200000.0,Brazil,511400.0,787200.0,Instagram
321,giannis_an34,Giannis Antetokounmpo,Sports with a ball,12300000.0,United States,217800.0,344600.0,Instagram
322,gigihadid,Gigi Hadid,Modeling,73200000.0,United States,1900000.0,2800000.0,Instagram
323,gildovigor,GIL DO VIGOR,Art/Artists,15000000.0,Brazil,442500.0,612200.0,Instagram
324,gima_ashi,Garima Chaurasia ,Lifestyle,13900000.0,India,145100.0,197800.0,Instagram
325,gioewbank,Giovanna Ewbank,Cinema & Actors/actresses,28000000.0,Brazil,181400.0,290600.0,Instagram
326,gisele,Gisele BuÃàndchen,Modeling,18900000.0,Brazil,274600.0,408000.0,Instagram
327,goar_avetisyan,Goar Avetisyan,Beauty,11500000.0,Russia,510500.0,707900.0,Instagram
328,golfarahani,Golshifteh Farahani,Cinema & Actors/actresses,12600000.0,Iran,307500.0,395700.0,Instagram
329,grantgust,Grant Gustin,Cinema & Actors/actresses,7800000.0,Brazil,343400.0,487300.0,Instagram
330,greeicy,Greeicy,Shows,20400000.0,Colombia,201400.0,270900.0,Instagram
331,grefg_official,TheGrefg,Computers & Gadgets,7100000.0,Spain,440100.0,546100.0,Instagram
332,gucci,Gucci Official,Accessories & Jewellery,47900000.0,United States,57900.0,74300.0,Instagram
333,gururandhawa,Guru Randhawa,Music,31500000.0,India,110800.0,135400.0,Instagram
334,gusein.gasanov,–ì–£–°–ï–òÃÜ–ù –ì–ê–°–ê–ù–û–í,Shows,21000000.0,Russia,524500.0,786100.0,Instagram
335,gusttavolima,Gusttavo Lima ,Music,42900000.0,Brazil,46900.0,79800.0,Instagram
336,hadise,Hadise,Music,13700000.0,Turkey,220700.0,257200.0,Instagram
337,haechanahceah,HAECHAN,Art/Artists,2700000.0,Varios,0.0,2100000.0,Instagram
338,haileesteinfeld,hailee steinfeld,Cinema & Actors/actresses,18200000.0,United States,1500000.0,1900000.0,Instagram
339,haileybieber,Hailey Rhode Baldwin Bieber,Lifestyle,42200000.0,United States,1800000.0,2400000.0,Instagram
340,hakkiakdenizz,hakki akdeniz,Business & Careers,17600000.0,Russia,120200.0,174400.0,Instagram
341,handemiyy,Hande ErcÃßel,Cinema & Actors/actresses,27300000.0,Turkey,2100000.0,2800000.0,Instagram
342,hannahstocking,Hannah Stocking,Modeling,21000000.0,United States,237200.0,337800.0,Instagram
343,hardikpandya93,Hardik Himanshu Pandya,Sports with a ball,20600000.0,India,860300.0,1100000.0,Instagram
344,harrykane,Harry Kane,Sports with a ball,12300000.0,United Kingdom,148300.0,204400.0,Instagram
345,harrystyles,Harry Styles,Music,43300000.0,Brazil,2900000.0,3900000.0,Instagram
346,hassan_reyvandi,hasan reyvandi,Cinema & Actors/actresses,18700000.0,Iran,330100.0,456500.0,Instagram
347,hegdepooja,Pooja Hegde,Cinema & Actors/actresses,18800000.0,India,831700.0,959300.0,Instagram
348,helen_yes1,–ï–ª–µ–Ω–∞ –°–∞–∂–∏–Ω–∞,Cinema & Actors/actresses,10500000.0,Russia,342400.0,442600.0,Instagram
349,henrycavill,Henry Cavill,Cinema & Actors/actresses,19700000.0,Brazil,795100.0,966500.0,Instagram
350,heybiblee,·Ñã·Öµ·Ñâ·Ö•·Üº·ÑÄ·Öß·Üº,Modeling,13500000.0,Indonesia,971100.0,1300000.0,Instagram
351,hi_high_hiy,·Ñí·Ö™·Üº·Ñã·Öµ·Ü´·Ñã·Öß·Ü∏,Cinema & Actors/actresses,12900000.0,South Korea,2600000.0,3000000.0,Instagram
352,hi_songjoongki,·Ñâ·Ö©·Üº·Ñå·ÖÆ·Üº·ÑÄ·Öµ songjoongki official,Cinema & Actors/actresses,8800000.0,Indonesia,1700000.0,2400000.0,Instagram
353,hi_sseulgi,Ïä¨Í∏∞ Seulgi,Modeling,11900000.0,Indonesia,849600.0,1100000.0,Instagram
354,hichasestokes,Chase Stokes,Lifestyle,7400000.0,United States,640900.0,959800.0,Instagram
355,hilaryduff,Hilary Duff,Cinema & Actors/actresses,20600000.0,United States,147300.0,188200.0,Instagram
356,hm_son7,Son HeungMin(ÏÜêÌù•ÎØº),Art/Artists,6000000.0,Brazil,395900.0,644200.0,Instagram
357,holyhaein,Ï†ïÌï¥Ïù∏,Art/Artists,9700000.0,Indonesia,2100000.0,2600000.0,Instagram
358,hoooooyeony,Hoyeon,Lifestyle,23700000.0,South Korea,2000000.0,2700000.0,Instagram
359,houseofhighlights,House of Highlights,Sports with a ball,32700000.000000004,United States,64599.99999999999,117200.0,Instagram
360,hrithikroshan,Hrithik Roshan,Cinema & Actors/actresses,41900000.0,India,638300.0,805300.0,Instagram
361,hshq,Harry Styles HQ,Music,5500000.0,United States,488100.0,859100.0,Instagram
362,huddy,Chase Hudson,Lifestyle,11900000.0,Brazil,228400.0,317800.0,Instagram
363,humansofny,Humans of New York,Lifestyle,11800000.0,United States,181900.0,215400.0,Instagram
364,hunterschafer,Hunter,Art/Artists,7100000.0,United States,957200.0,1600000.0,Instagram
365,hyeri_0609,·Ñí·Ö®·ÑÖ·Öµ,Music,7000000.0,South Korea,447600.0,539000.0,Instagram
366,hyunah_aa,Hyun Ah,Music,17600000.0,South Korea,378100.0,448700.0,Instagram
367,hziyech,Hakim Ziyeci,Sports with a ball,6000000.0,Morocco,348400.0,476000.0,Instagram
368,hztttao,Z.TAO,Music,11300000.0,Indonesia,253100.0,281300.0,Instagram
369,i_m_hendery,Hendery,Art/Artists,6000000.0,United States,965500.0,1300000.0,Instagram
370,i_nivethathomas,Nivetha Thomas,Cinema & Actors/actresses,5900000.0,India,395300.0,447000.0,Instagram
371,iambeckyg,Becky G,Music,31200000.0,Mexico,679200.0,817400.0,Instagram
372,iamcardib,Cardi B,Music,127200000.0,United States,2300000.0,3300000.0,Instagram
373,iamferv,fer,Lifestyle,8800000.0,Mexico,1000000.0,1500000.0,Instagram
374,iamhalsey,halsey,Music,28900000.0,United States,793700.0,1000000.0,Instagram
375,iammichelemorroneofficial,Michele Morrone,Lifestyle,12900000.0,Brazil,654100.0,938900.0,Instagram
376,iampauloandre,Paulo AndreÃÅ ,Lifestyle,6100000.0,Brazil,122200.0,424400.0,Instagram
377,iamsrk,Shah Rukh Khan,Cinema & Actors/actresses,28600000.0,India,717000.0,909700.0,Instagram
378,iamzlatanibrahimovic,Zlatan Ibrahimoviƒá,Sports with a ball,52900000.0,Italy,306700.0,473100.0,Instagram
379,iansomerhalder,iansomerhalder,Cinema & Actors/actresses,22500000.0,United States,527600.0,788900.0,Instagram
380,ibaillanos,Ibai,Art/Artists,6800000.0,Spain,859100.0,1200000.0,Instagram
381,ileana_official,Ileana D'Cruz,Cinema & Actors/actresses,14100000.0,India,286000.0,347700.0,Instagram
382,imhyoseop,ÏïàÌö®ÏÑ≠,Lifestyle,6000000.0,Indonesia,1200000.0,1400000.0,Instagram
383,imouniroy,mon,Cinema & Actors/actresses,22600000.0,India,238900.0,290700.0,Instagram
384,imsebastianstan,Sebastian Stan,Shows,9000000.0,United States,566100.0,672900.0,Instagram
385,indiancricketteam,Team India,Sports with a ball,23900000.0,India,223200.0,260300.0,Instagram
386,indiaroyale,India,Lifestyle,4000000.0,United States,384500.0,1100000.0,Instagram
387,inijedar,Jessica Iskandar Verhaag,Cinema & Actors/actresses,29400000.0,Indonesia,74500.0,99700.0,Instagram
388,instagram,Instagram,Photography,487200000.0,India,352300.0,467400.0,Instagram
389,iqbaal.e,iqbaal ramadhan,Cinema & Actors/actresses,13400000.0,Indonesia,271400.0,465900.0,Instagram
390,irinashayk,irinashayk,Modeling,17900000.0,Russia,121800.0,169000.0,Instagram
391,iscoalarcon,Isco Alarcon Suarez,Sports with a ball,23300000.0,Spain,142700.0,206200.0,Instagram
392,isisvalverde,isis valverde,Cinema & Actors/actresses,27800000.0,Brazil,79400.0,117200.0,Instagram
393,its.michhh,Michel Chavez,Art/Artists,5300000.0,Mexico,605100.0,741200.0,Instagram
394,itsmarziapie,Marzia Kjellberg,Beauty,8199999.999999999,United States,603200.0,705100.0,Instagram
395,itzy.all.in.us,ITZY,Music,15800000.0,Indonesia,761500.0,930800.0,Instagram
396,j.m,JIMIN of BTS,Art/Artists,32700000.000000004,Varios,12700000.0,12700000.0,Instagram
397,jackharlow,Jack Harlow,Lifestyle,5100000.0,United States,330800.0,618400.0,Instagram
398,jacksepticeye,Jacksepticeye,Computers & Gadgets,7700000.0,United States,277700.0,322300.0,Instagram
399,jacksonwang852g7,Jackson Wang,Music,27300000.0,China,950100.0,1100000.0,Instagram
400,jacobelordi,Jacob Elordi,Cinema & Actors/actresses,13200000.0,Brazil,997400.0,1600000.0,Instagram
401,jacquelinef143,Jacqueline Fernandez,Cinema & Actors/actresses,59300000.0,India,322000.0,391800.0,Instagram
402,jadepicon,JADE ,Modeling,19400000.0,Brazil,375200.0,818400.0,Instagram
403,jailyneojeda,Jailyne Ojeda Ochoa,Modeling,14100000.0,United States,183100.0,253700.0,Instagram
404,jaimelorentelo,El chaval,Cinema & Actors/actresses,14500000.0,Brazil,285100.0,381800.0,Instagram
405,jairmessiasbolsonaro,Jair M. Bolsonaro,Finance & Economics,19500000.0,Brazil,150900.0,212600.0,Instagram
406,jakepaul,Jake Paul,Cinema & Actors/actresses,19200000.0,United States,278200.0,465100.0,Instagram
407,jamescharles,James Charles,Beauty,23300000.0,United States,293900.0,432000.0,Instagram
408,jamesrodriguez10,James RodriÃÅguez,Sports with a ball,49100000.0,Colombia,506000.0,768300.0,Instagram
409,jamorant,JA Morant,Lifestyle,5900000.0,United States,332900.0,537800.0,Instagram
410,janhvikapoor,Janhvi Kapoor,Lifestyle,16100000.000000002,India,951300.0,1100000.0,Instagram
411,jannatzubair29,Jannat Zubair Rahmani,Cinema & Actors/actresses,41200000.0,India,614700.0,748600.0,Instagram
412,jaspritb1,jasprit bumrah,Lifestyle,9500000.0,India,466500.0,536000.0,Instagram
413,jaybnow.hr,LIM JAE BEOM,Music,6600000.0,Brazil,561300.0,731700.0,Instagram
414,jaydacheaves,JAYDA WAYDA,Clothing & Outfits,7000000.0,United States,128500.0,381300.0,Instagram
415,jbalvin,J Balvin,Music,51900000.0,Mexico,273600.0,363000.0,Instagram
416,jennaortega,Jenna Ortega,Cinema & Actors/actresses,7400000.0,United States,257100.00000000003,366100.0,Instagram
417,jennierubyjane,Jennie,Music,64800000.0,Indonesia,6200000.0,7400000.0,Instagram
418,jennifer.garner,Jennifer Garner,Cinema & Actors/actresses,12500000.0,United States,255600.0,289400.0,Instagram
419,jenniferaniston,Jennifer Aniston,Cinema & Actors/actresses,40100000.0,Brazil,1600000.0,2300000.0,Instagram
420,jenniferwinget1,Jennifer Winget,Cinema & Actors/actresses,12300000.0,India,322300.0,391700.0,Instagram
421,jennmuriel,Jenn muriel,Lifestyle,5500000.0,Colombia,451500.0,562600.0,Instagram
422,jensenackles,Jensen Ackles,Cinema & Actors/actresses,9100000.0,United States,504600.0,655900.0,Instagram
423,jeremyrenner,Jeremy Renner,Shows,17200000.0,United States,192900.0,230800.0,Instagram
424,jeromepolin,Jerome Polin Sijabat „Ç∑„Çô„Çß„É≠„Éº„É†,Education,6500000.0,Indonesia,424200.0,622400.0,Instagram
425,jesselingard,JLingz,Sports with a ball,9500000.0,United Kingdom,192100.0,294500.0,Instagram
426,jessicah_o,Jessi / ·Ñå·Ö¶·Ñâ·Öµ,Music,9700000.0,United States,874500.0,1100000.0,Instagram
427,jessicajane99,Jessica Jane,Lifestyle,6000000.0,Indonesia,441400.0,582300.0,Instagram
428,jharden13,James Harden,Sports with a ball,11700000.0,United States,137500.0,236500.0,Instagram
429,jheneaiko,JheneÃÅ Aiko Efuru Chilombo ,Music,14000000.0,United States,273800.0,481100.0,Instagram
430,jichangwook,ÏßÄÏ∞ΩÏö±,Cinema & Actors/actresses,19200000.0,Indonesia,920200.0,1200000.0,Instagram
431,jimmyfallon,Jimmy Fallon,Shows,21300000.0,United States,97200.0,120900.0,Instagram
432,jin,Jin of BTS,Art/Artists,32000000.0,United States,11100000.0,11100000.0,Instagram
433,jin_bighitentertainment,JIN (·ÑÄ·Öµ·Ü∑·Ñâ·Ö•·Ü®·Ñå·Öµ·Ü´),Lifestyle,8500000.0,Indonesia,1200000.0,1400000.0,Instagram
434,jinyoung_0922jy,Î∞ïÏßÑÏòÅ,Music,9300000.0,Indonesia,881400.0,1200000.0,Instagram
435,jlo,Jennifer Lopez,Music,200800000.0,United States,429500.0,549900.0,Instagram
436,joaogomescantor,JoaÃÉo Gomes ,Art/Artists,10800000.0,Brazil,335800.0,917800.0,Instagram
437,joaoguilherme,Joao Guilherme,Music,15500000.0,Brazil,116800.0,227100.0,Instagram
438,joeyking,Joey King,Music,19100000.0,Brazil,541100.0,774100.0,Instagram
439,johnnyjsuh,Johnny Suh,Lifestyle,8100000.0,Indonesia,1300000.0,1600000.0,Instagram
440,jojotodynho,JoJo,Music,21700000.0,Brazil,117300.0,190100.0,Instagram
441,jokowi,Joko Widodo,Finance & Economics,45800000.0,Indonesia,158000.0,196000.0,Instagram
442,jongsuk0206,Ïù¥Ï¢ÖÏÑù,Cinema & Actors/actresses,22200000.0,Indonesia,2200000.0,2900000.0,Instagram
443,jordialbaoficial,Jordi Alba,Sports with a ball,14100000.0,Spain,135700.0,196300.0,Instagram
444,jorgelopez_as,Jorge Lopez,Cinema & Actors/actresses,9700000.0,Brazil,211300.0,346300.0,Instagram
445,joshu_acoustic,Joshua Hong,Music,4000000.0,Varios,0.0,1000000.0,Instagram
446,joshuadun,j√∏sh dun,Music,5800000.0,United States,540300.0,660000.0,Instagram
447,juandam___,JuanDa.,Art/Artists,3500000.0,Colombia,772400.0,941200.0,Instagram
448,juandediospantoja,Juan de Dios Pantoja,Music,21500000.0,Mexico,519100.0,591800.0,Instagram
449,juanpazurita,Juanpa Zurita,Cinema & Actors/actresses,28600000.0,Mexico,341700.0,485800.0,Instagram
450,juansguarnizo,Juan Sebasti√°n Guarnizo,Art/Artists,4700000.0,Mexico,659600.0,722900.0,Instagram
451,juicewrld999,Juice WRLD 9 9 9,Art/Artists,12200000.0,United States,493900.0,833200.0,Instagram
452,juki_lop,JukiLop,Shows,9100000.0,Mexico,493000.0,573300.0,Instagram
453,julesleblanc,julianna,Music,9700000.0,United States,409500.0,592100.0,Instagram
454,julianapaes,Juliana Paes,Art/Artists,30200000.0,Brazil,61400.0,95200.0,Instagram
455,juliette,Juliette,Cinema & Actors/actresses,33700000.0,Brazil,201200.0,319800.0,Instagram
456,jungkook_bighitentertainment,JUNGKOOK (Ï†ÑÏ†ïÍµ≠) Updates,Management & Marketing,9900000.0,Brazil,1800000.0,2000000.0,Instagram
457,jungkook.97,Jungkook,Art/Artists,35800000.0,Varios,11400000.0,11400000.0,Instagram
458,justinbieber,Justin Bieber,Music,227000000.0,India,439100.0,638200.0,Instagram
459,justinbieber,Justin Bieber,Music,227400000.0,India,314200.0,445300.0,Instagram
460,justintimberlake,Justin Timberlake,Music,64200000.0,United States,323300.0,432900.0,Instagram
461,juventus,Juventus,Sports with a ball,52900000.0,India,61800.0,89400.0,Instagram
462,k.kbeom,·ÑÄ·Öµ·Ü∑·Ñá·Ö•·Ü∑ kimbum,Art/Artists,5200000.0,Indonesia,1000000.0,1200000.0,Instagram
463,k.mbappe,Kylian MbappeÃÅ,Sports with a ball,68900000.0,France,3000000.0,4300000.0,Instagram
464,kajalaggarwalofficial,Kajal A Kitchlu,Cinema & Actors/actresses,21700000.0,India,527300.0,638000.0,Instagram
465,kaka,KakaÃÅ,Sports with a ball,17900000.0,Brazil,83600.0,136100.0,Instagram
466,kaliuchis,Kali Uchis,Music,3700000.0,United States,399200.0,689700.0,Instagram
467,kapilsharma,Kapil Sharma,Cinema & Actors/actresses,39800000.0,India,690200.0,789300.0,Instagram
468,kareenakapoorkhan,Kareena Kapoor Khan,Lifestyle,8900000.0,India,367400.0,458300.0,Instagram
469,karimbenzema,Karim Benzema,Sports with a ball,47400000.0,France,981200.0,1400000.0,Instagram
470,karljacobs,Karl Jacobs,Art/Artists,4000000.0,United States,722500.0,941700.0,Instagram
471,karolg,KAROL G,Music,50800000.0,Mexico,4500000.0,5400000.0,Instagram
472,kartikaaryan,KARTIK AARYAN,Cinema & Actors/actresses,23800000.0,India,472200.0,588200.0,Instagram
473,katherinelangford,KATHERINE LANGFORD,Cinema & Actors/actresses,25700000.0,India,241900.0,346400.0,Instagram
474,katrinakaif,Katrina Kaif,Beauty,62900000.0,India,1000000.0,1100000.0,Instagram
475,katyperry,KATY PERRY,Music,156600000.0,Brazil,231800.0,302600.0,Instagram
476,kawtarbamo,KAWTAR BA-MOHAMED,Cinema & Actors/actresses,7200000.0,Morocco,275900.0,374100.0,Instagram
477,kaylanicolejones,Kayla Nicole Jones,Shows,7300000.0,United States,166500.0,352700.0,Instagram
478,keerthysureshofficial,Keerthy Suresh,Fashion,12500000.0,India,650700.0,743600.0,Instagram
479,kehlani,Kehlani,Music,13700000.0,United States,210500.0,328200.0,Instagram
480,kendalljenner,Kendall,Modeling,227400000.0,United States,3400000.0,5500000.0,Instagram
481,keniaos,Kenia Os,Music,12600000.0,Mexico,545200.0,709000.0,Instagram
482,kentooyamazaki,Â±±Ô®ëË≥¢‰∫∫,Cinema & Actors/actresses,4900000.0,Japan,583000.0,677100.0,Instagram
483,kenzie,kenzie ,Art/Artists,14800000.0,United States,232400.0,353600.0,Instagram
484,kevindebruyne,Kevin De Bruyne,Sports with a ball,16800000.0,United Kingdom,247500.0,382900.0,Instagram
485,kevinhart4real,Kevin Hart,Cinema & Actors/actresses,140200000.0,United States,111300.0,141000.0,Instagram
486,kevinroldankr,KR ,Music,10100000.0,Mexico,180200.0,291400.0,Instagram
487,khabib_nurmagomedov,–•–∞–±–∏–± –ù—É—Ä–º–∞–≥–æ–º–µ–¥–æ–≤,Fitness & Gym,33300000.0,Russia,252600.0,353300.0,Instagram
488,khaby00,Khaby Lame,Art/Artists,73900000.0,Iran,4300000.0,6500000.0,Instagram
489,khloekardashian,KhloeÃÅ Kardashian,Clothing & Outfits,230200000.0,United States,991100.0,1200000.0,Instagram
490,kiaraaliaadvani,KIARA,Cinema & Actors/actresses,22100000.0,India,828800.0,939300.0,Instagram
491,kiernanshipka,Kiernan Shipka,Cinema & Actors/actresses,8100000.0,Brazil,207300.0,335800.0,Instagram
492,kimberly.loaiza,KIM LOAIZA ,Clothing & Outfits,33900000.0,Mexico,995000.0,1200000.0,Instagram
493,kimjuncotton,SUHO,Lifestyle,9700000.0,Indonesia,1400000.0,1700000.0,Instagram
494,kimkardashian,Kim Kardashian,Fashion,296400000.0,United States,2000000.0,2900000.0,Instagram
495,kimshantal,Kim Shantal ,Music,11600000.0,Mexico,203300.0,237800.0,Instagram
496,kingarturo23oficial,Arturo Vidal,Sports with a ball,16700000.0,Italy,120800.0,194800.0,Instagram
497,kingbach,King Bach,Music,22100000.0,United States,120600.0,242000.0,Instagram
498,kingjames,Lebron James,Sports with a ball,116600000.0,United States,952900.0,1600000.0,Instagram
499,kingryan,Ryan Garcia,Fitness & Gym,8700000.0,United States,209500.0,316600.0,Instagram
500,kittychicha,NANNO | KITTYCHICHA AMATAYAKUL,Lifestyle,4200000.0,Philippines,678800.0,823400.0,Instagram
501,kjapa,KJ Apa,Cinema & Actors/actresses,19000000.0,United States,1000000.0,1500000.0,Instagram
502,kkvsh,Mikayla Saravia,Lifestyle,8199999.999999999,United States,198800.0,336600.0,Instagram
503,klaythompson,Klay Thompson,Sports with a ball,11600000.0,United States,202300.0,294700.0,Instagram
504,kourtneykardash,Kourtney Kardashian,Lifestyle,166400000.0,United States,674500.0,961200.0,Instagram
505,krisjenner,Kris Jenner,Shows,46600000.0,United States,119600.0,183400.0,Instagram
506,kritisanon,Kriti,Modeling,47300000.0,India,565500.0,658200.0,Instagram
507,ksi,KSI,Music,11200000.0,United Kingdom,611700.0,857500.0,Instagram
508,kun11xd,KUN,Lifestyle,6500000.0,Indonesia,802400.0,1000000.0,Instagram
509,kunaguero,Sergio Leonel AguÃàero,Sports with a ball,22400000.0,Argentina,458400.0,794500.0,Instagram
510,kyliejenner,Kylie Jenner,Fashion,323300000.0,United States,7600000.0,12300000.0,Instagram
511,kyo1122,Song hyekyo,Cinema & Actors/actresses,12900000.0,Indonesia,636200.0,810500.0,Instagram
512,kyrieirving,K.A.I H√©l√†,Sports with a ball,16200000.0,United States,142700.0,216800.0,Instagram
513,l7nnon,L7,Lifestyle,6300000.0,Brazil,214000.0,507900.0,Instagram
514,la_segura,LA SEGURA ,Cinema & Actors/actresses,8199999.999999999,Colombia,335200.0,411300.0,Instagram
515,lacikaysomers,Laci Kay Somers,Music,11800000.0,United States,147500.0,253700.0,Instagram
516,ladivaza,LA DIVAZA,Music,6800000.0,Mexico,388900.0,474500.0,Instagram
517,ladygaga,Lady Gaga,Music,51900000.0,United States,498300.0,700000.0,Instagram
518,lakers,Los Angeles Lakers,Sports with a ball,19300000.0,United States,85800.0,132400.0,Instagram
519,lalalalisa_m,LISA,Music,75700000.0,Indonesia,7500000.0,8600000.0,Instagram
520,lamborghini,Lamborghini,Luxury,31600000.0,India,174400.0,240500.0,Instagram
521,lanacondor,Lana Condor,Cinema & Actors/actresses,10900000.0,Brazil,283000.0,385700.0,Instagram
522,larasilva,Lara Silva ,Shows,16800000.0,Brazil,789000.0,1200000.0,Instagram
523,larissamanoela,Larissa Manoela,Cinema & Actors/actresses,44800000.0,Brazil,192100.0,320400.0,Instagram
524,larray,larri,Lifestyle,6700000.0,United States,357000.0,521500.0,Instagram
525,laurenlondon,Lauren London,Cinema & Actors/actresses,9700000.0,United States,217700.0,371600.0,Instagram
526,ldh_sky,·Ñã·Öµ·ÑÉ·Ö©·Ñí·Öß·Ü´,Art/Artists,5500000.0,Indonesia,978400.0,1300000.0,Instagram
527,leaelui,Lea Elui G,Modeling,11700000.0,India,428400.0,719500.0,Instagram
528,leedongwook_official,Ïù¥ÎèôÏö± (Official_Instagram),Cinema & Actors/actresses,14100000.0,Indonesia,1000000.0,1400000.0,Instagram
529,leeyoum262,·Ñã·Öµ·Ñã·Ö≤·ÑÜ·Öµ,Photography,8100000.0,South Korea,562700.0,688800.0,Instagram
530,leighannepinnock,Leigh-Anne Pinnock,Music,8500000.0,Brazil,279100.0,398000.0,Instagram
531,lelepons,Lele Pons,Music,47700000.0,Mexico,724300.0,1100000.0,Instagram
532,leomessi,Leo Messi,Sports with a ball,315400000.0,Argentina,4000000.0,5300000.0,Instagram
533,leonardodicaprio,Leonardo DiCaprio,Cinema & Actors/actresses,52800000.0,United States,132000.0,166200.0,Instagram
534,ler_chek,–í–∞–ª–µ—Ä–∏—è –ß–µ–∫–∞–ª–∏–Ω–∞,Lifestyle,10500000.0,Russia,713000.0,923300.0,Instagram
535,lestykejora,Lestikejora,Music,24900000.0,Indonesia,372900.0,484000.0,Instagram
536,letthelordbewithyou,Scott Disick,Lifestyle,26500000.0,United States,61500.0,92200.0,Instagram
537,lewishamilton,Lewis Hamilton,Racing Sports,27500000.0,Brazil,819900.0,1200000.0,Instagram
538,lexibrookerivera,Lexi Rivera,Shows,8400000.0,United States,778000.0,975400.0,Instagram
539,liampayne,Liam Payne,Music,24100000.0,United States,420400.0,585500.0,Instagram
540,lilbaby,WHAM,Music,18800000.0,United States,475400.0,876500.0,Instagram
541,lildurk,DURKIOOO,Music,13000000.0,United States,162100.0,458200.0,Instagram
542,lilireinhart,Lili Reinhart,Cinema & Actors/actresses,29000000.0,Brazil,1500000.0,2200000.0,Instagram
543,lilnasx,MONTERO,Music,12200000.0,United States,815500.0,1400000.0,Instagram
544,liluzivert,Lil Uzi Vert,Music,15800000.0,United States,1100000.0,2000000.0,Instagram
545,lilyjcollins,Lily Collins,Cinema & Actors/actresses,26900000.0,United States,314300.0,467300.0,Instagram
546,linatejeiro,Lina Tejeiro.,Cinema & Actors/actresses,9200000.0,Colombia,237700.0,287000.0,Instagram
547,lisakudrow,Lisa Kudrow,Cinema & Actors/actresses,8500000.0,India,356600.0,475700.0,Instagram
548,litkillah,MAWZ,Music,7200000.0,Argentina,438700.0,578400.0,Instagram
549,littlebodybigheart,Melanie Martinez,Music,11100000.0,Brazil,913100.0,1200000.0,Instagram
550,littlemix,Little Mix,Music,15400000.0,Brazil,172100.0,232000.0,Instagram
551,liverpoolfc,Liverpool Football Club,Sports with a ball,36700000.0,United Kingdom,100200.0,138200.0,Instagram
552,lizakoshy,Liza Koshy,Cinema & Actors/actresses,19600000.0,United States,156300.0,208800.0,Instagram
553,lizasoberano,Liza Soberano,Beauty,16900000.0,Philippines,243100.0,289900.0,Instagram
554,lizgillz,Elizabeth Gillies,Music,13900000.0,Mexico,563000.0,816300.0,Instagram
555,lizzobeeating,Lizzo,Music,12100000.0,United States,213100.0,298300.0,Instagram
556,loganpaul,Logan Paul,Fitness & Gym,22500000.0,United States,549400.0,733800.0,Instagram
557,lomon991111,Lomon 991111,Art/Artists,5700000.0,Varios,0.0,1700000.0,Instagram
558,loren,loren gray,Fashion,22500000.0,United States,137300.0,227300.0,Instagram
559,loud_babi,BaÃÅrbara Passos,Lifestyle,9200000.0,Brazil,200100.0,323500.0,Instagram
560,loud_victor,Victor Augusto,Lifestyle,10400000.0,Brazil,511200.0,652300.0,Instagram
561,louist91,Louis Tomlinson,Music,18200000.0,Brazil,1100000.0,1500000.0,Instagram
562,louisvuitton,Louis Vuitton,Fashion,47700000.0,Brazil,46200.0,59700.0,Instagram
563,lucas_lira,Lucas Lira,Humor & Fun & Happiness,5800000.0,Brazil,296500.0,434300.0,Instagram
564,lucasranngel,LUCAS RANGEL,Lifestyle,19200000.0,Brazil,186800.0,412300.0,Instagram
565,lucyhale,Lucy Hale,Cinema & Actors/actresses,24300000.0,United States,183500.0,240400.0,Instagram
566,ludmilla,Ludmilla,Music,26500000.0,Brazil,143500.0,212600.0,Instagram
567,luisafernandaw,Luisa Fernanda W,Lifestyle,16900000.0,Colombia,106300.0,162100.0,Instagram
568,luisasonza,LU√çSA SONZA,Music,28200000.0,Brazil,125100.0,198900.0,Instagram
569,luisitocomunica,Luisillo El Pillo,Humor & Fun & Happiness,31700000.0,Mexico,939800.0,1200000.0,Instagram
570,luissuarez9,Luis Suarez,Sports with a ball,43000000.0,Brazil,238800.0,356500.0,Instagram
571,lukamodric10,Luka Modric,Sports with a ball,21600000.0,Spain,419800.0,616300.0,Instagram
572,lunay,Lunay,Music,10300000.0,Mexico,202600.0,296600.0,Instagram
573,luvadepedreiro,Iran Ferreira,Art/Artists,9500000.0,Brazil,910400.0,2100000.0,Instagram
574,lynaritaa,Lyna Perez,Art/Artists,8600000.0,United States,227100.0,299400.0,Instagram
575,m_kayoung,MUN KA YOUNG,Cinema & Actors/actresses,7900000.0,Indonesia,1100000.0,1500000.0,Instagram
576,m10_official,Mesut OÃàzil,Sports with a ball,24000000.0,Turkey,526600.0,738300.0,Instagram
577,machinegunkelly,the Blonde Don,Music,9600000.0,United States,284000.0,457500.0,Instagram
578,maddieziegler,maddie,Cinema & Actors/actresses,13900000.0,United States,533400.0,799900.0,Instagram
579,madelame,Madelaine Petsch,Cinema & Actors/actresses,25300000.0,Russia,1300000.0,1800000.0,Instagram
580,madelyncline,Maddie,Art/Artists,12400000.0,United States,1600000.0,2300000.0,Instagram
581,madhuridixitnene,Madhuri Dixit,Music,30600000.0,India,297200.0,343100.0,Instagram
582,madisonbaileybabe,Maddie Baby,Lifestyle,6700000.0,United States,416400.0,779300.0,Instagram
583,madisonbeer,Madison Beer,Music,30600000.0,United States,630200.0,940900.0,Instagram
584,mahnaz_afshar,Mahe Man,Cinema & Actors/actresses,15700000.0,Iran,154300.0,212900.0,Instagram
585,maisa,Maisa Silva,Music,42000000.0,Brazil,343700.0,468000.0,Instagram
586,maluma,MALUMA,Music,61600000.0,Italy,329200.0,507600.0,Instagram
587,malutrevejo,Malu,Music,11200000.0,United States,277200.0,496800.0,Instagram
588,manchesterunited,Manchester United,Sports with a ball,56500000.0,United Kingdom,116600.0,188800.0,Instagram
589,manelyk_oficial,Manelyk Gonzalez,Music,14100000.0,Mexico,179500.0,240400.0,Instagram
590,maneskinofficial,MaÃäneskin,Lifestyle,6000000.0,Italy,519400.0,733500.0,Instagram
591,manurios,manu rios,Shows,9900000.0,Mexico,572700.0,966000.0,Instagram
592,marcelotwelve,Marcelo Vieira,Sports with a ball,53000000.0,Spain,413500.0,622200.0,Instagram
593,marcmarquez93,Marc MaÃÅrquez,Racing Sports,6600000.0,Indonesia,478200.0,634500.0,Instagram
594,marcoasensio10,Marco Asensio,Sports with a ball,13600000.0,Spain,194300.0,298300.0,Instagram
595,marcusrashford,Marcus Rashford MBE,Sports with a ball,12700000.0,United Kingdom,401900.0,635500.0,Instagram
596,mariaalice,Maria Alice,Art/Artists,6800000.0,Brazil,673400.0,1400000.0,Instagram
597,mariabecerra,Maria Becerra,Music,8600000.0,Argentina,332300.0,785000.0,Instagram
598,mariapedraza_,MariÃÅa Pedraza,Cinema & Actors/actresses,12000000.0,Spain,279600.0,369000.0,Instagram
599,marimaria,Mari Maria,Beauty,19900000.0,Brazil,126600.0,242700.0,Instagram
600,marinaruybarbosa,Marina Ruy Barbosa,Cinema & Actors/actresses,39800000.0,Brazil,86600.0,130100.0,Instagram
601,markiplier,Markiplier,Shows,9800000.0,United States,406500.0,463300.0,Instagram
602,markruffalo,Mark Ruffalo,Cinema & Actors/actresses,20500000.0,Brazil,194300.0,244200.0,Instagram
603,marktuan,Mark Tuan,Music,12100000.0,Thailand,667100.0,877200.0,Instagram
604,marshmellomusic,marshmello,Music,29200000.0,India,345600.0,406600.0,Instagram
605,martingarrix,Martin Garrix,Music,15600000.0,Mexico,152800.0,216300.0,Instagram
606,marvel,Marvel Entertainment,Cinema & Actors/actresses,62700000.0,United States,180100.0,212500.0,Instagram
607,marvelstudios,Marvel Studios,Cinema & Actors/actresses,36100000.0,India,225500.0,252600.0,Instagram
608,mathildtantot,Mathilde,Lifestyle,10300000.0,United States,310200.0,470000.0,Instagram
609,matue30,MATU√ä,Lifestyle,6100000.0,Brazil,186000.0,408100.0,Instagram
610,maudeapatow,Maude Apatow,Lifestyle,4800000.0,United States,577000.0,955100.0,Instagram
611,maudyayunda,Maudy Ayunda,Music,15400000.0,Indonesia,110900.0,163500.0,Instagram
612,maxverstappen1,Max Verstappen,Racing Sports,8199999.999999999,United States,398700.0,524400.0,Instagram
613,meganfox,Megan Fox,Cinema & Actors/actresses,19900000.0,United States,2100000.0,3400000.0,Instagram
614,mehraadjam,Mehraad Jam,Music,4700000.0,Iran,385000.0,564100.0,Instagram
615,mejiwoo103,·Ñå·Öµ·Ñã·ÖÆ,Art/Artists,11100000.0,Indonesia,432400.0,521900.0,Instagram
616,melissamelmaia,MEL MAIA ,Music,11500000.0,Brazil,245100.0,444100.0,Instagram
617,melo,LaMelo Ball,Sports with a ball,8300000.000000001,United States,298100.0,605600.0,Instagram
618,memezar,Memezar ‚Ä¢ Comedy and Culture,Cinema & Actors/actresses,23700000.0,United States,325600.0,484700.0,Instagram
619,memphisdepay,Memphis Depay,Sports with a ball,14200000.0,France,191600.0,339100.0,Instagram
620,mercedesbenz,Mercedes-Benz,Cars & Motorbikes,35300000.0,Iran,75000.0,106800.0,Instagram
621,miakhalifa,Mia K.,Fitness & Gym,27700000.0,India,1500000.0,2300000.0,Instagram
622,michaelbjordan,Michael B. Jordan,Cinema & Actors/actresses,18400000.0,United States,452900.0,751000.0,Instagram
623,michaelclifford,michael clifford,Music,5800000.0,United States,291900.0,427900.0,Instagram
624,michelleobama,Michelle Obama,Finance & Economics,49100000.0,United States,132300.0,150200.0,Instagram
625,miguel_bernardeau,Miguel Bernardeau,Cinema & Actors/actresses,7000000.0,Spain,260800.0,384500.0,Instagram
626,miguel.g.herran,Miguel HerraÃÅn,Cinema & Actors/actresses,14200000.0,Brazil,998200.0,1500000.0,Instagram
627,miketyson,Mike Tyson,Fitness & Gym,18100000.0,United States,122800.0,157300.0,Instagram
628,mikhail_litvin,–ú–∏—Ö–∞–∏–ª –õ–∏—Ç–≤–∏–Ω,Shows,14600000.0,Russia,972000.0,1200000.0,Instagram
629,milad_khahhh,Milad Ghasemikhah pargam,Lifestyle,5600000.0,Iran,365100.0,512700.00000000006,Instagram
630,mileycyrus,Miley Cyrus,Music,163800000.0,United States,439700.0,594900.0,Instagram
631,milliebobbybrown,Millie Bobby Brown,Cinema & Actors/actresses,48200000.0,Brazil,2100000.0,2700000.0,Instagram
632,mimikeene3,ùïÑ ùïÄ ùïÑ ùïÄ  ùïÇ ùîº ùîº ‚Ñï ùîº,Cinema & Actors/actresses,4300000.0,United Kingdom,765800.0,1400000.0,Instagram
633,min9yu_k,ÍπÄÎØºÍ∑ú,Music,6000000.0,Indonesia,1100000.0,1300000.0,Instagram
634,mingue.k,ÍπÄÎØºÍ∑ú,Shows,3300000.0,Indonesia,893500.0,1100000.0,Instagram
635,mirandacosgrove,Miranda Cosgrove,Music,9800000.0,Brazil,213500.0,333600.0,Instagram
636,mirella,BAD MI ‚ö°Ô∏è MC MIRELLA,Music,26600000.0,Brazil,230400.0,486700.0,Instagram
637,missasinfonia,MissaSinfonia,Art/Artists,4600000.0,Mexico,656800.0,752900.0,Instagram
638,mo.on_air,TAEIL,Art/Artists,4400000.0,Indonesia,1200000.0,1400000.0,Instagram
639,mohamedramadanws,Mohamed Ramadan,Music,20100000.0,Egypt,93900.0,129900.0,Instagram
640,mohanshakti,Shakti Mohan,Art/Artists,14900000.0,India,207000.0,248000.0,Instagram
641,mont.pantoja,MONT,Art/Artists,11400000.0,Mexico,498700.0,593700.0,Instagram
642,mosalah,Mohamed Salah,Sports with a ball,49000000.0,Egypt,1200000.0,1700000.0,Instagram
643,mr_faisu_07,FAISAL SHAIKH,Modeling,26900000.0,India,362000.0,462100.0,Instagram
644,mrbeast,MrBeast,Shows,18000000.0,United States,1400000.0,1800000.0,Instagram
645,ms_puiyi,Siew Pui Yi ,Adult content,17200000.0,United States,384000.0,491900.0,Instagram
646,mterstegen1,Marc ter Stegen,Sports with a ball,13300000.0,Spain,280000.0,422000.0,Instagram
647,myketowers,MICHAEL,Music,9400000.0,Spain,207900.0,376100.0,Instagram
648,na.jaemin0813,JAEMIN,Art/Artists,8800000.0,Indonesia,1900000.0,2400000.0,Instagram
649,nabilla,Nabilla Vergara ,Beauty,7200000.0,France,266800.0,367400.0,Instagram
650,nadin_serovski,Nadin Serovski,Family,9400000.0,Russia,515700.00000000006,710100.0,Instagram
651,nadine,Â∞èÂÆÆÂ∏åÁæé ,Music,11100000.0,Philippines,319900.0,354600.0,Instagram
652,naileadevora,nai,Shows,5000000.0,United States,482400.0,712700.0,Instagram
653,nameisnani,Nani,Sports with a ball,4800000.0,India,517800.0,559000.0,Instagram
654,nancyajram,Nancy Ajram,Music,32400000.0,Iraq,140300.0,179500.0,Instagram
655,narendramodi,Narendra Modi,Finance & Economics,66500000.0,India,1500000.0,1700000.0,Instagram
656,narins_beauty,‚Ä¢‚Ä¢Narins Beauty‚Ä¢‚Ä¢,Lifestyle,8400000.0,Syria,351600.0,429000.0,Instagram
657,nasa,NASA,Science,75300000.0,India,564500.0,653200.0,Instagram
658,natalee.007,Natalie Lee,Modeling,6900000.0,United States,286600.0,366100.0,Instagram
659,natashawilona12,Natasha Wilona,Beauty,37500000.0,Indonesia,233300.0,278600.0,Instagram
660,natgeo,National Geographic,Nature & landscapes,214600000.0,United States,124700.0,145500.0,Instagram
661,natgeotravel,National Geographic Travel,Nature & landscapes,45400000.0,United States,50600.0,56900.0,Instagram
662,nattinatasha,NATTI NATASHA,Music,35400000.0,Mexico,281100.0,338300.0,Instagram
663,navidmohammadzadeh,navid mohammadzadeh,Cinema & Actors/actresses,8199999.999999999,Iran,541400.0,764000.0,Instagram
664,nazriyafahadh,Nazriya Nazim Fahadh,Lifestyle,5500000.0,India,371800.0,497800.0,Instagram
665,nba,NBA,Sports with a ball,65800000.0,United States,40600.0,68200.0,Instagram
666,ncentineo,Noah,Cinema & Actors/actresses,17000000.0,Brazil,200300.0,333600.0,Instagram
667,nct,NCT Official Instagram,Music,13600000.0,Indonesia,624900.0,819900.0,Instagram
668,nct_dream,NCT DREAM OFFICIAL,Art/Artists,9200000.0,Indonesia,576300.0,642900.0,Instagram
669,nct127,NCT 127 Official Instagram,Music,13700000.0,Indonesia,787200.0,972300.0,Instagram
670,nehakakkar,Neha Kakkar (Mrs. Singh),Music,68500000.0,India,664800.0,774400.0,Instagram
671,nehasharmaofficial,Neha Sharma ,Cinema & Actors/actresses,13900000.0,India,232800.0,267600.0,Instagram
672,neslihanatagul,Neslihan AtaguÃàl DogÃÜulu,Cinema & Actors/actresses,13000000.0,Turkey,670600.0,842600.0,Instagram
673,nessabarrett,ness,Art/Artists,6600000.0,United States,340200.0,461300.0,Instagram
674,netflix,Netflix US,Cinema & Actors/actresses,29500000.0,Brazil,65000.0,105900.0,Instagram
675,netflixbrasil,Netflix Brasil,Shows,29900000.0,Brazil,103700.0,177500.0,Instagram
676,neymarjr,NJ ,Sports with a ball,172000000.0,Brazil,1600000.0,2300000.0,Instagram
677,niallhoran,Niall Horan,Music,29400000.0,United States,1200000.0,1800000.0,Instagram
678,nianaguerrero,Niana,Music,14000000.0,Indonesia,410600.0,514800.0,Instagram
679,nicki.nicole,Nicki Nicole,Music,11500000.0,Argentina,876200.0,1300000.0,Instagram
680,nickiminaj,Barbie,Music,181600000.0,United States,393700.0,615200.0,Instagram
681,nickjonas,Nick Jonas,Music,32300000.0,United States,164000.0,233000.0,Instagram
682,nickyjam,NICKY JAM,Music,42700000.0,Colombia,290900.0,347000.0,Instagram
683,nicolegarcia,NICOLE,Lifestyle,5300000.0,Mexico,384900.0,503400.0,Instagram
684,nike,Nike,Fitness & Gym,208900000.0,United States,129500.0,175500.0,Instagram
685,nikefootball,Nike Football (Soccer),Sports with a ball,44300000.0,Brazil,74800.0,117400.0,Instagram
686,nikitadragun,Nikita,Beauty,9100000.0,United States,368000.0,562100.0,Instagram
687,nikkietutorials,NikkieTutorials,Beauty,15600000.0,United States,353800.0,480500.0,Instagram
688,nina,Nina Dobrev,Cinema & Actors/actresses,25500000.0,Brazil,778500.0,1100000.0,Instagram
689,nita_shilimkar,Nita Shilimkar,Fashion,10300000.0,India,351100.0,464900.0,Instagram
690,noahbeck,Noah Beck,Sports with a ball,9000000.0,United States,317300.0,523000.0,Instagram
691,noahschnapp,Noah Schnapp,Cinema & Actors/actresses,20100000.0,Brazil,1300000.0,1700000.0,Instagram
692,nobru,Bruno Goes ,Art/Artists,13200000.0,Varios,0.0,350200.0,Instagram
693,nobru,Bruno Goes ,Machinery & Technologies,13200000.0,Varios,0.0,350100.0,Instagram
694,nodal,Christian Nodal ,Music,8400000.0,Mexico,252400.0,415500.0,Instagram
695,nolimitherbo,G HERBO,Music,7400000.0,United States,156200.0,374700.0,Instagram
696,noorstars,ŸÜŸàÿ± ÿ≥ÿ™ÿßÿ±ÿ≤ | Noor Stars,Shows,12600000.0,Iraq,149500.0,199600.0,Instagram
697,norafatehi,Nora Fatehi,Cinema & Actors/actresses,38600000.0,India,865800.0,1100000.0,Instagram
698,normani,Normani,Lifestyle,7000000.0,United States,313800.0,490900.0,Instagram
699,nusr_et,Nusr_et#Saltbae,Food & Cooking,43500000.0,Turkey,192900.0,285400.0,Instagram
700,o.dembele7,Believe,Sports with a ball,10300000.0,Spain,468600.0,804000.0,Instagram
701,obj,Odell Beckham Jr,Sports with a ball,15800000.0,United States,339500.0,645800.0,Instagram
702,obx,Outer Banks,Art/Artists,5400000.0,United States,587300.0,1100000.0,Instagram
703,officialslystallone,Sly Stallone,Art/Artists,14800000.0,United States,162900.0,206300.0,Instagram
704,offsetyrn,OFFSET,Music,19700000.0,United States,313300.0,559800.0,Instagram
705,oliviarodrigo,Olivia Rodrigo,Music,22900000.0,India,2800000.0,3500000.0,Instagram
706,onwardwanna,"Javon ""Wanna"" Walton",Lifestyle,5100000.0,United States,1000000.0,1700000.0,Instagram
707,onyourm__ark,Mark,Art/Artists,8300000.000000001,Indonesia,1700000.0,2100000.0,Instagram
708,oohsehun,SEHUN,Music,22900000.0,Indonesia,1900000.0,2400000.0,Instagram
709,ozuna,Ozuna,Music,22200000.0,Spain,167100.0,225300.0,Instagram
710,pablogavi,GAVI,Art/Artists,3300000.0,Varios,0.0,841600.0,Instagram
711,paollaoliveirareal,Paolla Oliveira,Cinema & Actors/actresses,33600000.0,Brazil,127600.0,167400.0,Instagram
712,parineetichopra,Parineeti Chopra,Cinema & Actors/actresses,35200000.0,India,357500.0,412100.0,Instagram
713,paulodybala,Paulo Dybala,Sports with a ball,45800000.0,Argentina,662900.0,1100000.0,Instagram
714,paulolondra,Paulo londra,Music,12600000.0,Argentina,1200000.0,1900000.0,Instagram
715,paulpogba,Paul Labile Pogba,Sports with a ball,52800000.0,Brazil,353400.0,628500.0,Instagram
716,paulwalker,Paul Walker,Cinema & Actors/actresses,14600000.0,India,217200.0,297800.0,Instagram
717,paulwesley,Paul Wesley,Cinema & Actors/actresses,12200000.0,Brazil,640000.0,958000.0,Instagram
718,pefabiodemelo,Padre F√°bio de Melo,Lifestyle,25500000.0,Brazil,81600.0,122900.0,Instagram
719,perrieedwards,Perrie Edwards ,Modeling,14500000.0,Brazil,523100.0,816700.0,Instagram
720,perspolis,P e r s e p o l i s,Sports with a ball,7600000.0,Iran,276500.0,393200.0,Instagram
721,pewdiepie,PewDiePie,Computers & Gadgets,21900000.0,United States,1200000.0,1400000.0,Instagram
722,peytonlist,Peyton List,Cinema & Actors/actresses,19700000.0,United States,360000.0,541500.0,Instagram
723,pharrell,Pharrell,Music,13500000.0,United States,126400.0,181100.0,Instagram
724,phil.coutinho,Philippe Coutinho,Sports with a ball,24500000.0,Brazil,456200.0,740900.0,Instagram
725,phoebejtonkin,Phoebe Tonkin,Beauty,8199999.999999999,United States,236800.0,338600.0,Instagram
726,phs1116,Î∞ïÌòïÏãù / PARKHYUNGSIK,Business & Careers,9500000.0,Indonesia,2000000.0,2600000.0,Instagram
727,playboicarti,Playboi Carti,Music,8000000.0,United States,1200000.0,2100000.0,Instagram
728,playstation,PlayStation,Computers & Gadgets,28900000.0,United States,80500.0,99300.0,Instagram
729,pokimanelol,pokimane ,Lifestyle,6000000.0,United States,526700.0,694800.0,Instagram
730,pokrov90,–ê–ù–Ø –ü–û–ö–†–û–í - –ê–ù–¢–ò–ì–†–£–°–¢–ò–ùü•ë‚ù§Ô∏è,Shows,7300000.0,Russia,350300.0,408100.0,Instagram
731,polo.capalot,Polo.G,Music,10200000.0,United States,416900.0,685700.0,Instagram
732,pooorblack,Pooorblack,Art/Artists,4000000.0,Iran,530000.0,687400.0,Instagram
733,porsche,Porsche,Cars & Motorbikes,26400000.0,United States,97100.0,124400.0,Instagram
734,postmalone,twelve carat toothache,Music,22300000.0,United States,407300.0,623100.0,Instagram
735,prattprattpratt,Chris Pratt,Cinema & Actors/actresses,35500000.0,United States,193000.0,250900.0,Instagram
736,premierleague,Premier League,Sports with a ball,55400000.0,United Kingdom,49500.0,69500.0,Instagram
737,prideofgypsies,Jason Momoa,Cinema & Actors/actresses,16800000.0,United States,141000.0,181300.0,Instagram
738,prillylatuconsina96,Prilly Latuconsina,Cinema & Actors/actresses,46600000.0,Indonesia,56400.0,81600.0,Instagram
739,priyankachopra,Priyanka,Cinema & Actors/actresses,75700000.0,India,643000.0,778200.0,Instagram
740,psg,Paris Saint-Germain,Sports with a ball,58000000.0,Brazil,295800.0,495000.0,Instagram
741,pubity,Pubity,Humor & Fun & Happiness,31600000.0,United States,214500.0,313300.0,Instagram
742,pugachevmark,Mark Pugachev,Cars & Motorbikes,10000000.0,Russia,358100.0,525900.0,Instagram
743,quackity,quackity,Art/Artists,3200000.0,United States,666400.0,819100.0,Instagram
744,quavohuncho,QuavoHuncho,Music,20800000.0,United States,103000.0,170100.0,Instagram
745,raashiikhanna,Raashii Khanna,Cinema & Actors/actresses,8100000.0,India,256600.00000000003,305900.0,Instagram
746,rachel_mypark,·Ñá·Ö°·Ü®·ÑÜ·Öµ·Ü´·Ñã·Öß·Üº Minyoung Park,Cinema & Actors/actresses,9700000.0,Indonesia,784600.0,977100.0,Instagram
747,rachelvennya,Rachel Vennya Roland,Kids & Toys,6700000.0,Indonesia,176400.0,372500.0,Instagram
748,rafaelnadal,Rafa Nadal,Sports with a ball,14000000.0,Spain,228700.0,286300.0,Instagram
749,rafaeluccman,Rafael Uccman,Lifestyle,8600000.0,Brazil,227100.0,472900.0,Instagram
750,rafakalimann,RAFA KALIMANN,Modeling,22800000.0,Brazil,90900.0,163300.0,Instagram
751,raffinagita1717,Raffi Ahmad and Nagita Slavina,Shows,60600000.0,Indonesia,37400.0,52500.0,Instagram
752,rahulkl,KL Rahul,Sports with a ball,11900000.0,India,676900.0,788500.0,Instagram
753,raisa6690,Raisa,Music,30400000.0,Indonesia,60600.0,94000.0,Instagram
754,rakulpreet,Rakul Singh,Cinema & Actors/actresses,19200000.0,India,334100.0,392500.0,Instagram
755,ranveersingh,Ranveer Singh,Cinema & Actors/actresses,38900000.0,India,314700.0,408400.0,Instagram
756,raphaelvarane,Raphael Varane,Sports with a ball,18400000.0,Spain,200800.0,301400.0,Instagram
757,rashmika_mandanna,Rashmika Mandanna,Beauty,30000000.0,India,1700000.0,2000000.0,Instagram
758,ratantata,Ratan Tata,Business & Careers,5900000.0,India,952200.0,1100000.0,Instagram
759,rauwalejandro,RA‚Äô RAUW,Music,13700000.0,Spain,382400.0,553000.0,Instagram
760,realbarbarapalvin,Barbara Palvin,Modeling,17500000.0,Russia,480200.0,649000.0,Instagram
761,realhinakhan,HK,Cinema & Actors/actresses,16700000.0,India,189500.0,233600.0,Instagram
762,realmadrid,Real Madrid C.F.,Sports with a ball,113000000.0,Spain,407200.0,563100.0,Instagram
763,realshadmehr,Shadmehr Aghili,Music,7600000.0,Iran,330200.0,460800.0,Instagram
764,realstraykids,Stray Kids,Music,20100000.0,Indonesia,1700000.0,2000000.0,Instagram
765,redvelvet.smtown,Red Velvet Official,Music,11400000.0,Indonesia,327900.0,398900.0,Instagram
766,reesewitherspoon,Reese Witherspoon,Cinema & Actors/actresses,27600000.0,United States,152500.0,183700.0,Instagram
767,regejean,RegeÃÅ-Jean Page,Art/Artists,5500000.0,Brazil,473600.0,750300.0,Instagram
768,renebaebae,IRENE,Lifestyle,9900000.0,Indonesia,1400000.0,1700000.0,Instagram
769,residente,ReneÃÅ PeÃÅrez Joglar,Music,8700000.0,Colombia,480400.0,743900.0,Instagram
770,reynmen,reyn,Music,7000000.0,Turkey,418000.0,531500.0,Instagram
771,rezagolzar,Mohammad Reza Golzar,Cinema & Actors/actresses,11700000.0,Iran,178500.0,263100.0,Instagram
772,riaricis1795,RICIS,Lifestyle,30300000.0,Indonesia,868200.0,1100000.0,Instagram
773,ricky_martin,Ricky Martin,Music,16700000.0,Argentina,141200.0,190400.0,Instagram
774,rishabpant,Rishabh Pant,Sports with a ball,6100000.0,India,496500.0,589600.0,Instagram
775,riteishd,Riteish Deshmukh,Art/Artists,13800000.0,India,282200.0,328900.0,Instagram
776,riyadmahrez26.7,RM26,Sports with a ball,8500000.0,Algeria,333900.0,429900.0,Instagram
777,riyaz.14,Riyaz Aly,Lifestyle,26100000.0,India,399800.0,519500.0,Instagram
778,rizkybillar,Muhammad Rizky Billar,Shows,12600000.0,Indonesia,322100.0,414800.0,Instagram
779,rizkyfbian,Salah,Art/Artists,12300000.0,Indonesia,133100.0,203600.0,Instagram
780,rkive,RM,Art/Artists,31300000.0,Varios,8600000.0,8600000.0,Instagram
781,robertdowneyjr,Robert Downey Jr. Official,Cinema & Actors/actresses,51900000.0,India,1600000.0,2100000.0,Instagram
782,roberto_firmino,ROBERTO FIRMINO,Sports with a ball,13200000.0,Brazil,144600.0,214900.0,Instagram
783,rockstargames,Rockstar Games,Computers & Gadgets,22300000.0,United States,108500.0,135200.0,Instagram
784,rogerfederer,Roger Federer,Sports with a ball,9200000.0,Spain,484700.0,627900.0,Instagram
785,rohitsharma45,Rohit Sharma,Sports with a ball,23300000.0,India,1100000.0,1200000.0,Instagram
786,rohittt_09_,ùêëùê®ùê°ùê¢ùê≠ ùêôùê¢ùêßùê£ùêÆùê´ùê§ùêû,Shows,21200000.0,India,788700.0,1100000.0,Instagram
787,romanreigns,Joe Anoai aka ‚ÄúRoman Reigns‚Äù,Art/Artists,6000000.0,India,383100.0,497400.0,Instagram
788,romeosantos,Romeo Santos,Music,19000000.0,United States,225000.0,277900.0,Instagram
789,ronaldinho,Ronaldo de Assis Moreira,Sports with a ball,65099999.99999999,Brazil,183800.0,317000.0,Instagram
790,rosalia.vt,LA ROSALIÃÅA,Music,19500000.0,Spain,737000.0,967100.0,Instagram
791,roses_are_rosie,ROSEÃÅ,Music,57500000.0,Indonesia,4800000.0,5500000.0,Instagram
792,ross_lynch,Ross Shor Lynch,Music,10000000.0,United States,348300.0,695500.0,Instagram
793,ruben_onsu,Ruben Onsu,Cinema & Actors/actresses,37900000.0,Indonesia,64200.0,79500.0,Instagram
794,rubyrose,Ruby Rose,Modeling,18800000.0,United States,171300.0,225700.0,Instagram
795,rupertgrint,Rupert Grint,Art/Artists,4700000.0,Brazil,579000.0,821500.0,Instagram
796,sabrinacarpenter,Sabrina Carpenter,Music,27100000.0,Brazil,1100000.0,1300000.0,Instagram
797,sachintendulkar,Sachin Tendulkar,Sports with a ball,33500000.0,India,333400.0,399900.0,Instagram
798,sadiesink_,Sadie Sink,Modeling,15300000.0,Brazil,1200000.0,1700000.0,Instagram
799,sadiomaneofficiel,Sadio Mane,Sports with a ball,10400000.0,United Kingdom,350700.0,500300.0,Instagram
800,saharghoreyshiofficialpage,ÿ≥ÿ≠ÿ± ŸÇÿ±Ÿäÿ¥Ÿâ Sahar Ghoreyshi,Lifestyle,10700000.0,Iran,193800.0,283900.0,Instagram
801,saipallavi.senthamarai,Sai Pallavi,Art/Artists,5300000.0,India,819500.0,939300.0,Instagram
802,salmahayek,Salma Hayek Pinault,Cinema & Actors/actresses,20900000.0,United States,212100.0,262500.0,Instagram
803,samantharuthprabhuoffl,Samantha,Beauty,22900000.0,India,584900.0,701500.0,Instagram
804,samoylovaoxana,Samoylova Oxana,Family,15200000.0,Russia,897600.0,1200000.0,Instagram
805,samsmith,Sam Smith,Music,14600000.0,United States,223900.0,328400.0,Instagram
806,sanchooo10,Jadon Sancho,Sports with a ball,8300000.000000001,United Kingdom,411400.0,719600.0,Instagram
807,sandrinna_11,Drinna,Lifestyle,10400000.0,Indonesia,252200.0,321600.0,Instagram
808,saraalikhan95,Sara Ali Khan,Cinema & Actors/actresses,39700000.0,India,247900.0,302000.0,Instagram
809,sarahhyland,Sarah Hyland,Cinema & Actors/actresses,9100000.0,United States,223000.0,278900.0,Instagram
810,sarwendah29,Sarwendah29,Music,30800000.0,Indonesia,75400.0,89200.0,Instagram
811,sav.labrant,Savannah Rose LaBrant,Family,7000000.0,United States,597100.0,798400.0,Instagram
812,saweetie,icy bae,Cinema & Actors/actresses,13100000.0,United States,144700.0,336200.0,Instagram
813,sebastianyatra,Sebastian Yatra,Music,29300000.0,Argentina,219300.0,305600.0,Instagram
814,selenagomez,Selena Gomez,Music,308200000.0,United States,3300000.0,4400000.0,Instagram
815,sergioramos,Sergio Ramos,Sports with a ball,49700000.0,Spain,606900.0,930300.0,Instagram
816,serna_amini,Serna Amini,Art/Artists,7600000.0,Iran,1300000.0,1800000.0,Instagram
817,shahidkapoor,Shahid Kapoor,Cinema & Actors/actresses,33500000.0,India,506700.0,574100.0,Instagram
818,shakira,Shakira,Music,71900000.0,India,691100.0,947200.0,Instagram
819,shawnmendes,Shawn Mendes,Music,67400000.0,Brazil,809300.0,1200000.0,Instagram
820,shaymitchell,Shay Mitchell,Beauty,32600000.0,United States,304800.0,426300.0,Instagram
821,shehnaazgill,Shehnaaz Gill,Cinema & Actors/actresses,11300000.0,India,396800.0,496300.0,Instagram
822,shikhardofficial,Shikhar Dhawan,Sports with a ball,10800000.0,India,261000.0,298400.0,Instagram
823,shraddhakapoor,Shraddha ,Cinema & Actors/actresses,70500000.0,India,1100000.0,1300000.0,Instagram
824,shreyaghoshal,shreyaghoshal,Music,23700000.0,India,127700.0,142500.0,Instagram
825,shreyas41,Shreyas Iyer,Sports with a ball,5900000.0,India,461700.0,575700.0,Instagram
826,shxxbi131,B.I,Art/Artists,3700000.0,Indonesia,585100.0,687300.0,Instagram
827,sidhu_moosewala,Sidhu Moosewala (‡®Æ‡©Ç‡®∏‡©á ‡®Ü‡®≤‡®æ),Art/Artists,6900000.0,India,366600.0,445100.0,Instagram
828,sidmalhotra,Sidharth Malhotra,Cinema & Actors/actresses,18700000.0,India,602400.0,750000.0,Instagram
829,simaria,Simaria Mendes,Music,27600000.0,Brazil,223500.0,326200.0,Instagram
830,simoneses,Simone Mendes,Music,33700000.0,Brazil,327800.0,412200.0,Instagram
831,sinavaliollah,Sina Valiollah,Shows,6800000.0,Iran,376400.0,474700.0,Instagram
832,sincerooficial,Sincero Oficial,Humor & Fun & Happiness,21100000.0,Brazil,109500.0,212600.0,Instagram
833,sivakarthikeyan,Sivakarthikeyan Doss,Art/Artists,4500000.0,India,470600.0,554600.0,Instagram
834,skawngur,·ÑÇ·Ö°·Ü∑·Ñå·ÖÆ·Ñí·Öß·Ü®,Cinema & Actors/actresses,17800000.0,Indonesia,1800000.0,2500000.0,Instagram
835,skuukzky,·Ñâ·ÖÆ·ÜΩ·Ñã·Öµ ,Clothing & Outfits,17500000.0,Indonesia,871400.0,1100000.0,Instagram
836,smriti_mandhana,Smriti Mandhana,Sports with a ball,5900000.0,India,550900.0,637700.0,Instagram
837,snoopdogg,snoopdogg,Lifestyle,71800000.0,United States,60900.0,85500.0,Instagram
838,sofiaalcastro,sofia castro,Shows,8500000.0,Colombia,427400.0,582700.0,Instagram
839,sofiavergara,Sofia Vergara,Cinema & Actors/actresses,24800000.0,United States,109000.0,143000.0,Instagram
840,sommerray,Sommer Ray,Modeling,26700000.0,United States,242300.0,381300.0,Instagram
841,somsomi0309,ENNIK,Music,13900000.0,Indonesia,894600.0,1100000.0,Instagram
842,sonamkapoor,Sonam Kapoor Ahuja,Fashion,31900000.0,India,145800.0,173500.0,Instagram
843,songkang_b,·Ñâ·Ö©·Üº·ÑÄ·Ö°·Üº,Art/Artists,13600000.0,Mexico,2000000.0,2800000.0,Instagram
844,sonu_sood,Sonu Sood,Cinema & Actors/actresses,14100000.0,India,321300.0,367600.0,Instagram
845,soohyun_k216,·ÑÄ·Öµ·Ü∑·Ñâ·ÖÆ·Ñí·Öß·Ü´ Kim Soo Hyun ÈáëÁßÄË≥¢,Art/Artists,13300000.0,Indonesia,1300000.0,1600000.0,Instagram
846,sooyaaa__,JISOO,Music,58600000.0,Indonesia,4700000.0,5400000.0,Instagram
847,sooyoungchoi,Sooyoung Choi,Beauty,6900000.0,Indonesia,348900.0,420700.0,Instagram
848,sophiedee,Sophie Dee,Adult content,11600000.0,United States,186300.0,248000.0,Instagram
849,sophiet,S O P H I E T U R N E R,Cinema & Actors/actresses,14900000.0,United States,515900.0,693700.0,Instagram
850,soueunavida,Sou Eu Na Vida,Humor & Fun & Happiness,17500000.0,Brazil,204600.0,389500.0,Instagram
851,sound_of_coups,COUPS,Art/Artists,3300000.0,Indonesia,751600.0,964100.0,Instagram
852,soydannyalfaro,Danny Alfaro,Beauty,8000000.0,Mexico,329400.0,377400.0,Instagram
853,soyneiva,Neiva Mara,Adult content,11400000.0,Brazil,212900.0,285900.0,Instagram
854,spacex,SpaceX,Science,13300000.0,United States,201000.0,244900.0,Instagram
855,sportscenter,SportsCenter,Sports with a ball,30000000.0,United States,125800.0,224200.0,Instagram
856,ssinz7,Î∞ïÏã†Ìòú/Shin Hye Park,Music,13500000.0,Indonesia,1300000.0,1600000.0,Instagram
857,staceysolomon,Stacey Solomon,Family,5100000.0,United Kingdom,409700.0,493600.0,Instagram
858,starwars,Star Wars,Cinema & Actors/actresses,14900000.0,United States,182000.0,231400.0,Instagram
859,staskaranikolaou,Anastasia Karanikolaou,Lifestyle,10800000.0,United States,179400.0,264100.0,Instagram
860,stephencurry30,Wardell Curry,Sports with a ball,41100000.0,United States,565700.0,757600.0,Instagram
861,sthefanematos,STHE ‚öìÔ∏è,Lifestyle,9700000.0,Brazil,256800.0,590200.0,Instagram
862,strangerthingstv,Stranger Things Netflix,Cinema & Actors/actresses,15600000.0,Brazil,433200.0,579500.0,Instagram
863,subo_m,Subhan Mamedov,Shows,9000000.0,Russia,294200.0,360400.0,Instagram
864,suga_bighitentertainment,SUGA (·ÑÜ·Öµ·Ü´·Ñã·Ö≤·Ü´·ÑÄ·Öµ) Updates,Lifestyle,7900000.0,Indonesia,1200000.0,1400000.0,Instagram
865,sunnyleone,Sunny Leone,Beauty,51500000.0,India,312800.0,421700.0,Instagram
866,superstar_dewasi99,SUPERSTARDEWASI 99,Art/Artists,8700000.0,India,294700.0,466500.0,Instagram
867,sureshraina3,Suresh Raina,Modeling,19100000.0,India,328700.0,371300.0,Instagram
868,sydney_sweeney,Sydney Sweeney,Lifestyle,11800000.0,United States,1800000.0,3400000.0,Instagram
869,syifahadjureal,Syifa Hadju,Modeling,14900000.0,Indonesia,295700.0,365000.0,Instagram
870,sza,SZA,Music,11600000.0,United States,748600.0,1300000.0,Instagram
871,t22felton,Tom Felton,Music,11900000.0,United States,223400.0,289400.0,Instagram
872,taehyung.bighitentertainment,TAEHYUNG (ÍπÄÌÉúÌòï) Updates,Management & Marketing,10300000.0,Indonesia,2000000.0,2100000.0,Instagram
873,taeoxo_nct,TAEYONG ÌÉúÏö©,Art/Artists,8800000.0,Indonesia,1300000.0,1800000.0,Instagram
874,taeyeon_ss,TaeYeon,Music,18300000.0,South Korea,762000.0,925800.0,Instagram
875,taina,TainaÃÅ Costa,Music,15600000.0,Brazil,478300.0,998900.0,Instagram
876,tamannaahspeaks,Tamannaah Bhatia,Music,15900000.0,India,344400.0,401900.0,Instagram
877,tamerhosny,Tamer Hosny,Music,22000000.0,Egypt,110500.0,134100.0,Instagram
878,tatawerneck,Tata Werneck,Cinema & Actors/actresses,52100000.0,Brazil,80800.0,123500.0,Instagram
879,taylor_hill,Taylor Hill,Art/Artists,18900000.0,United States,115500.0,172900.0,Instagram
880,taylorswift,Taylor Swift,Music,204700000.0,Brazil,2300000.0,3100000.0,Instagram
881,tchalamet,TimotheÃÅe Chalamet,Cinema & Actors/actresses,17500000.0,United States,2300000.0,3800000.0,Instagram
882,teddysphotos,Ed Sheeran,Music,37700000.0,United States,161000.0,219800.0,Instagram
883,tejasswiprakash,Tejasswi Prakash,Beauty,5500000.0,India,424700.0,513400.0,Instagram
884,tenlee_1001,TEN_+‚Ä¢10,Music,9400000.0,Indonesia,1100000.0,1400000.0,Instagram
885,teyanataylor,Jimmy Neutch- Shumpert,Music,14600000.0,United States,153900.0,261200.0,Instagram
886,thariqhalilintar,thoriq halilintar,Shows,6500000.0,Indonesia,476900.0,590200.0,Instagram
887,thebursin,Kerem BuÃàrsin,Cinema & Actors/actresses,10300000.0,Russia,891200.0,1200000.0,Instagram
888,thedeverakonda,Vijay Deverakonda,Cinema & Actors/actresses,14800000.0,India,984900.0,1200000.0,Instagram
889,theellenshow,Ellen DeGeneres,Shows,116800000.0,United States,29200.0,33300.0,Instagram
890,theestallion,Megan Thee Stallion,Music,28200000.0,United States,504000.0,879900.0,Instagram
891,thefatjewish,thefatjewish,Humor & Fun & Happiness,10100000.0,United States,186900.0,244400.0,Instagram
892,thegirljt,JT,Music,5100000.0,United States,234400.0,641800.0,Instagram
893,thehughjackman,Hugh Jackman,Cinema & Actors/actresses,30300000.0,United States,107100.0,122400.0,Instagram
894,thenameisyash,Yash,Cinema & Actors/actresses,5900000.0,India,813100.0,964900.0,Instagram
895,thenewclassic,Iggy Azalea,Music,15800000.0,United States,233600.0,378200.0,Instagram
896,thenotoriousmma,Conor McGregor Official,Fitness & Gym,45000000.0,United States,435400.0,631500.0,Instagram
897,therealcalebmclaughlin,Caleb McLaughlin,Cinema & Actors/actresses,11100000.0,Brazil,278700.0,398600.0,Instagram
898,therealjosephmorgan,Joseph Morgan,Cinema & Actors/actresses,7800000.0,Brazil,411300.0,514100.0,Instagram
899,therock,therock,Cinema & Actors/actresses,307000000.0,India,303400.0,396000.0,Instagram
900,theshilpashetty,Shilpa Shetty Kundra,Cinema & Actors/actresses,24800000.0,India,107100.0,124000.0,Instagram
901,theweeknd,The Weeknd,Music,37500000.0,United States,725800.0,983900.0,Instagram
902,thiagosilva,Thiago Silva,Sports with a ball,18900000.0,Brazil,122800.0,207200.0,Instagram
903,thv,V,Art/Artists,38100000.0,Varios,12200000.0,12200000.0,Instagram
904,tiagopzk,GOTTI A,Music,4300000.0,Argentina,333400.0,761600.0,Instagram
905,tiffanyyoungofficial,tiffany young,Modeling,11600000.0,Indonesia,240500.0,301200.0,Instagram
906,tigerjackieshroff,Tiger Shroff,Cinema & Actors/actresses,33800000.0,India,331600.0,405000.0,Instagram
907,timatiofficial,13,Music,18000000.0,Russia,151200.0,202400.0,Instagram
908,tinistoessel,tini,Music,17400000.0,Argentina,631400.0,844700.0,Instagram
909,todayis_wendy,Wendy,Art/Artists,6300000.0,Indonesia,1100000.0,1300000.0,Instagram
910,tombrady,Tom Brady,Sports with a ball,11800000.0,United States,458600.0,847900.0,Instagram
911,tomcruise,Tom Cruise,Cinema & Actors/actresses,6200000.0,India,465000.0,645700.0,Instagram
912,tommyinnit,TommyInnit,Lifestyle,3600000.0,France,724800.0,817400.0,Instagram
913,toni.kr8s,Toni Kroos,Sports with a ball,31900000.0,Germany,178800.0,244100.0,Instagram
914,travisscott,flame,Music,44800000.0,United States,1400000.0,2100000.0,Instagram
915,trentarnold66,Trent Alexander-Arnold,Lifestyle,6600000.0,United Kingdom,298900.0,438300.0,Instagram
916,trippieredd,555,Music,12800000.0,United States,530700.0,1000000.0,Instagram
917,troyesivan,troye sivan,Art/Artists,12600000.0,United States,157200.0,225600.0,Instagram
918,trueno,TR1 ‚õà,Music,6700000.0,Argentina,479200.0,745700.0,Instagram
919,twicetagram,TWICE,Music,24600000.0,Indonesia,1300000.0,1600000.0,Instagram
920,txt_bighit,TOMORROW X TOGETHER OFFICIAL,Art/Artists,11700000.0,Indonesia,637800.0,804900.0,Instagram
921,tyga,T-Raww,Music,32400000.0,United States,689200.0,1000000.0,Instagram
922,tylerrjoseph,tyler j√∏seph,Music,5500000.0,United States,628200.0,941300.0,Instagram
923,uarmyhope,jhope,Art/Artists,32200000.000000004,South Korea,8000000.0,8000000.0,Instagram
924,urassayas,Urassaya Sperbund,Cinema & Actors/actresses,11400000.0,Thailand,181600.0,220800.0,Instagram
925,urstrulymahesh,Mahesh Babu,Cinema & Actors/actresses,8100000.0,India,527500.0,580400.0,Instagram
926,ursulolita,UÃÅrsula CorberoÃÅ ,Cinema & Actors/actresses,24600000.0,Brazil,2000000.0,2900000.0,Instagram
927,urvashirautela,URVASHI RAUTELA ,Cinema & Actors/actresses,46400000.0,India,193400.0,229900.0,Instagram
928,valentinazenere,Valentina Zenere,Modeling,8500000.0,Brazil,259000.0,315400.0,Instagram
929,valeyellow46,Valentino Rossi,Racing Sports,13300000.0,Indonesia,310500.0,405300.0,Instagram
930,vancityreynolds,Ryan Reynolds,Cinema & Actors/actresses,42400000.0,United States,325200.0,422400.0,Instagram
931,vanessahudgens,Vanessa Hudgens,Cinema & Actors/actresses,44800000.0,United States,161100.0,262300.0,Instagram
932,vanessalopesr_,Vanessa Lopes,Lifestyle,10600000.0,Brazil,171900.0,559700.0,Instagram
933,vanessamorgan,Vanessa Morgan,Music,9400000.0,United States,422300.0,600500.0,Instagram
934,varundvn,VarunDhawan,Cinema & Actors/actresses,40900000.0,India,403400.0,492300.0,Instagram
935,veradijkmans,Vera Dijkmans,Adult content,5100000.0,United States,390300.0,548600.0,Instagram
936,vickykaushal09,Vicky Kaushal,Cinema & Actors/actresses,13200000.0,India,1300000.0,1500000.0,Instagram
937,victoriajustice,Victoria Justice,Music,21800000.0,United States,226200.0,309800.0,Instagram
938,viihtube,Viih Tube,Cinema & Actors/actresses,22900000.0,Brazil,148000.0,279900.0,Instagram
939,vindiesel,Vin Diesel,Cinema & Actors/actresses,79000000.0,Brazil,440500.0,568500.0,Instagram
940,vinijr,Vinicius Jr. ,Sports with a ball,15800000.0,Brazil,909400.0,1500000.0,Instagram
941,vinniehacker,Vinnie,Lifestyle,5600000.0,United States,687000.0,1400000.0,Instagram
942,violets.tv,Violet Summers,Adult content,13500000.0,Italy,221300.0,303500.0,Instagram
943,virat.kohli,Virat Kohli,Sports with a ball,188100000.0,India,3100000.0,3400000.0,Instagram
944,virgilvandijk,Virgil van Dijk,Sports with a ball,11500000.0,United Kingdom,235400.0,333600.0,Instagram
945,virginia,Virginia Fonseca Costa,Shows,35800000.0,Brazil,1400000.0,2100000.0,Instagram
946,vivi,Vivi Wanderley,Beauty,13100000.0,Brazil,200000.0,328400.0,Instagram
947,vousmevoyez,KRYSTAL,Music,10100000.0,Indonesia,366600.0,475800.0,Instagram
948,warriors,Golden State Warriors,Lifestyle,22200000.0,United States,81700.0,112800.0,Instagram
949,watanabenaomi703,Ê∏°Ëæ∫Áõ¥Áæé„ÄÄNaomi watanabe,Cinema & Actors/actresses,9700000.0,Japan,339000.0,361000.0,Instagram
950,waynerooney,Wayne Rooney,Sports with a ball,15500000.0,United Kingdom,139800.0,201400.0,Instagram
951,wdohwan,Ïö∞ÎèÑÌôò,Cinema & Actors/actresses,4400000.0,Indonesia,504800.0,669000.0,Instagram
952,whinderssonnunes,Whindersson Nunes,Humor & Fun & Happiness,57900000.0,Brazil,988300.0,1500000.0,Instagram
953,wi__wi__wi,·Ñã·Ö±·Ñí·Ö°·Ñå·ÖÆ·Ü´ Wi Ha Jun,Art/Artists,10200000.0,South Korea,1100000.0,1400000.0,Instagram
954,wilbursoot,Wilbur Soot,Music,3200000.0,United States,687500.0,883100.0,Instagram
955,willevy,William  Levy / Actor Producer,Shows,10200000.0,Brazil,382900.0,514400.0,Instagram
956,willsmith,Will Smith,Cinema & Actors/actresses,62400000.0,United States,1900000.0,2400000.0,Instagram
957,willyrex,Willyrex,Shows,8600000.0,Spain,324100.0,385100.0,Instagram
958,winmetawin,Win Metawin O.,Lifestyle,11700000.0,Philippines,1300000.0,1500000.0,Instagram
959,wizkidayo,BIG WIZ,Music,14200000.0,Nigeria,243300.0,473400.0,Instagram
960,wolfiecindy,Cindy Kimberly,Modeling,6900000.0,United States,226500.0,376700.0,Instagram
961,wos.ds3,ValentiÃÅn Oliva,Music,6300000.0,Argentina,371200.0,567400.0,Instagram
962,wwiinn_7,WINWIN,Art/Artists,7000000.0,Indonesia,1300000.0,1500000.0,Instagram
963,xavi,Xavi HernaÃÅndez,Sports with a ball,8100000.0,Spain,419400.0,629100.0,Instagram
964,xeesoxee,·Ñí·Ö°·Ü´·Ñâ·Ö©·Ñí·Ö¥,Lifestyle,8900000.0,Indonesia,1300000.0,1700000.0,Instagram
965,xsqueezie,Xsqueezie,Music,7600000.0,France,519400.0,607300.0,Instagram
966,xuminghao_o,The8 ÎîîÏóêÏûá,Music,4300000.0,Indonesia,615900.0,776200.0,Instagram
967,xxxibgdrgn,·ÑÄ·ÖØ·Ü´·Ñå·Öµ·Ñã·Ö≠·Üº(Ê¨äÂøóÈæç),Photography,20600000.0,Indonesia,785300.0,999100.0,Instagram
968,xxxtentacion,MAKE OUT HILL,Music,20200000.0,United States,11800000.0,20800000.0,Instagram
969,yailinlamasviralreal,Yailin la Mas Viral ,Art/Artists,4300000.0,Varios,0.0,859600.0,Instagram
970,yangyang_x2,YangYang ·Ñã·Ö£·Üº·Ñã·Ö£·Üº,Art/Artists,6100000.0,Indonesia,863400.0,1100000.0,Instagram
971,yaocabrera,Yao Cabrera,Art/Artists,12200000.0,Argentina,256000.0,556100.0,Instagram
972,yasminabdelaziz_,Yasmin Abdelaziz,Cinema & Actors/actresses,15400000.0,Egypt,185700.0,219900.0,Instagram
973,yasmine_sabri,Yasmine Sabri,Cinema & Actors/actresses,18400000.0,Egypt,158400.0,222800.0,Instagram
974,yastunes,YAS,Music,8000000.0,Iran,644000.0,894000.0,Instagram
975,yawnzzn,YEONJUN,Art/Artists,7400000.0,Varios,0.0,4300000.0,Instagram
976,yefersoncossio,Yef,Lifestyle,8800000.0,Colombia,257000.0,376600.0,Instagram
977,yejinhand,ÏÜêÏòàÏßÑ,Cinema & Actors/actresses,6000000.0,Indonesia,537100.0,699000.0,Instagram
978,yellow_3to3,REN JUN,Art/Artists,5200000.0,Indonesia,1600000.0,2000000.0,Instagram
979,yerimiese,Yeri,Lifestyle,10100000.0,Indonesia,620300.0,768100.0,Instagram
980,yihyun_1208,·Ñå·Ö©·Ñã·Öµ·Ñí·Öß·Ü´ cho yihyun,Art/Artists,5400000.0,South Korea,1300000.0,1600000.0,Instagram
981,ykaaar,Damiano David/MaÃäneskin,Art/Artists,5100000.0,Italy,968100.0,1300000.0,Instagram
982,yoona__lim,Yoona Lim,Cinema & Actors/actresses,13200000.0,Indonesia,571600.0,683200.0,Instagram
983,yooncy1,Ïú§Ï∞¨ÏòÅ Yoon chanyoung,Art/Artists,4900000.0,South Korea,1100000.0,1300000.0,Instagram
984,youngdae0302,·ÑÄ·Öµ·Ü∑·Ñã·Öß·Üº·ÑÉ·Ö¢,Music,3800000.0,Indonesia,561400.0,741400.0,Instagram
985,yugyeom,KYUM,Music,10800000.0,Thailand,634200.0,821700.0,Instagram
986,yungmiami305,Caresha .,Lifestyle,5300000.0,United States,184600.0,547800.0,Instagram
987,yuu_taa_1026,YUTA ÊÇ†Â§™,Art/Artists,7900000.0,Indonesia,1000000.0,1300000.0,Instagram
988,yuyacst,ùì®ùíñùíöùíÇ,Modeling,17100000.0,Mexico,389800.0,598200.0,Instagram
989,yuzi_chahal23,Yuzvendra Chahal,Lifestyle,7500000.0,India,311500.0,379500.0,Instagram
990,zacefron,Zac Efron,Cinema & Actors/actresses,52100000.0,United States,598700.0,869300.0,Instagram
991,zachking,Zach King,Shows,24500000.0,Indonesia,413900.0,637700.0,Instagram
992,zayn,Zayn Malik,Music,44900000.0,India,3700000.0,5800000.0,Instagram
993,zefelipecantor,ZeÃÅ,Music,23100000.0,Brazil,278100.0,487800.0,Instagram
994,zelenskiy_official,–í–æ–ª–æ–¥–∏–º–∏—Ä –ó–µ–ª–µ–Ω—Å—å–∫–∏–π,Cinema & Actors/actresses,16399999.999999998,Ukraine,174000.0,208100.0,Instagram
995,zendaya,Zendaya,Cinema & Actors/actresses,136100000.0,United States,6400000.0,8600000.0,Instagram
996,zidane,zidane,Sports with a ball,31200000.0,Spain,546000.0,744100.0,Instagram
997,zkdlin,KAI,Music,13900000.0,Indonesia,1300000.0,1600000.0,Instagram
998,zoeisabellakravitz,ZoeÃà Kravitz,Cinema & Actors/actresses,8199999.999999999,United States,583000.0,885500.0,Instagram
999,zoesugg,ZoeÃà Sugg,Lifestyle,9400000.0,United Kingdom,208700.0,289300.0,Instagram
