,youtuber name,channel name,Category,audience,Followers,avg views,avg likes,red_social
0,tseries,T-Series,Music & Dance,India,212100000.0,323700.0,9800.0,Youtube
1,checkgate,Cocomelon - Nursery Rhymes,Education,Varios,132100000.0,13800000.0,80900.0,Youtube
2,setindia,SET India,Tv,India,130400000.0,23600.0,314.0,Youtube
3,PewDiePie,PewDiePie,Animation,United States,111400000.0,1400000.0,80800.0,Youtube
4,MrBeast6000,MrBeast,Video games,United States,92500000.0,30600000.0,1700000.0,Youtube
5,✿ Kids Diana Show,✿ Kids Diana Show,Animation,Varios,92400000.0,10600000.0,46800.0,Youtube
6,Like Nastya,Like Nastya,Animation,Varios,90100000.0,13700000.0,74200.0,Youtube
7,WWEFanNation,WWE,Video games,United States,86900000.0,76600.0,2800.0,Youtube
8,zeemusiccompany,Zee Music Company,Music & Dance,India,82700000.0,108700.0,4200.0,Youtube
9,Vlad and Niki,Vlad and Niki,Toys,Varios,80400000.0,7000000.0,42200.0,Youtube
10,5-Minute Crafts,5-Minute Crafts,Tv,United States,76200000.0,255600.0,2100.0,Youtube
11,kidrauhl,Justin Bieber,Music & Dance,United States,68100000.0,2700000.0,162700.0,Youtube
12,GoldminesTelefilms,Goldmines,Tv,India,67900000.0,107100.0,1000.0,Youtube
13,CanalKondZilla,Canal KondZilla,Music & Dance,Brazil,65500000.0,36800.0,2300.0,Youtube
14,BANGTANTV,BANGTANTV,Music & Dance,United States,65000000.0,2800000.0,598900.0,Youtube
15,sabtv,Sony SAB,Movies,India,64900000.00000001,46500.0,899.0,Youtube
16,ibighit,HYBE LABELS,Music & Dance,United States,64700000.0,401700.0,62300.0,Youtube
17,zeetv,Zee TV,Tv,India,61500000.0,146200.0,1800.0,Youtube
18,filmigaane,Shemaroo Filmi Gaane,Music & Dance,India,59200000.0,64500.0,631.0,Youtube
19,corycotton,Dude Perfect,Video games,United States,57400000.0,10300000.0,375700.0,Youtube
20,SmartBooksMedia,Pinkfong Baby Shark - Kids' Songs & Stories,Animation,Varios,56600000.0,412000.0,1400.0,Youtube
21,ChuChu TV Nursery Rhymes & Kids Songs,ChuChu TV Nursery Rhymes & Kids Songs,Education,Varios,55200000.0,498700.0,5400.0,Youtube
22,Marshmello,Marshmello,Music & Dance,United States,55000000.0,636000.0,47400.0,Youtube
23,BHOJPURIWAVE,Wave Music,Music & Dance,India,51500000.0,85800.0,1400.0,Youtube
24,colorstv,Colors TV,Tv,India,51200000.0,20200.0,290.0,Youtube
25,aajtaktv,Aaj Tak,News & Politics,India,50900000.0,8900.0,128.0,Youtube
26,sonymusicindiaSME,Sony Music India,Music & Dance,India,50300000.0,60200.0,2600.0,Youtube
27,tipsmusic,Tips Official,Music & Dance,India,49900000.0,230800.0,1800.0,Youtube
28,ReinoMariaElenaWalsh,El Reino Infantil,Music & Dance,Varios,48900000.0,254400.0,1000.0,Youtube
29,LooLooKids,LooLoo Kids - Nursery Rhymes and Children's Songs,Music & Dance,Varios,48700000.0,1700000.0,7400.0,Youtube
30,tseriesbhakti,T-Series Bhakti Sagar,Music & Dance,India,48300000.0,26400.0,1200.0,Youtube
31,Badabun,Badabun,Tv,Mexico,45500000.0,4900.0,129.0,Youtube
32,JuegaGerman,JuegaGerman,Animation,Mexico,45500000.0,1400000.0,140700.0,Youtube
33,yrf,YRF,Music & Dance,India,45300000.0,184200.0,5500.0,Youtube
34,Billie Eilish,Billie Eilish,Music & Dance,United States,45100000.0,1300000.0,149700.0,Youtube
35,felipeneto,Felipe Neto,Tv,Brazil,44000000.0,280600.0,34000.0,Youtube
36,whinderssonnunes,whinderssonnunes,Movies,Brazil,43800000.0,140800.0,17000.0,Youtube
37,BRIGHT SIDE,BRIGHT SIDE,Animation,United States,43200000.0,79700.0,1900.0,Youtube
38,KatyPerryMusic,Katy Perry,Music & Dance,United States,42600000.0,151600.0,10700.0,Youtube
39,vcsabiavideos,Você Sabia?,Tv,Brazil,42600000.0,987200.0,129000.0,Youtube
40,infobellshindirhymes,Infobells - Hindi,Education,India,42600000.0,883300.0,4700.0,Youtube
41,DjWalkzz,Alan Walker,Music & Dance,United States,41600000.0,146700.0,12900.0,Youtube
42,sonymusicindiaVEVO,SonyMusicIndiaVEVO,Music & Dance,India,41200000.0,2300.0,136.0,Youtube
43,Like Nastya Show,Like Nastya Show,Animation,Varios,40800000.0,723900.0,3500.0,Youtube
44,speedrecordss,Speed Records,Music & Dance,India,40000000.0,42300.0,1800.0,Youtube
45,A4,A4,Animation,Russia,39000000.0,12300000.0,650500.0,Youtube
46,ABSCBNOnline,ABS-CBN Entertainment,Tv,Philippines,38800000.0,1700.0,26.0,Youtube
47,getmovies,Get Movies,Tv,Varios,38700000.0,542400.0,3000.0,Youtube
48,LuisitoComunicaa,Luisito Comunica,Tv,Mexico,38400000.0,2400000.0,74600.0,Youtube
49,LittleBabyBum,Little Baby Bum - Nursery Rhymes & Kids Songs,Education,Varios,38400000.0,489400.0,1600.0,Youtube
50,TheEllenShow,TheEllenShow,Tv,United States,38200000.0,42100.0,944.0,Youtube
51,MashaMedvedTV,Маша и Медведь,Education,Varios,37400000.0,1200000.0,7800.0,Youtube
52,gr6explode,GR6 EXPLODE,Music & Dance,Brazil,37200000.0,179600.0,11400.0,Youtube
53,luccasneto,LUCCAS NETO - LUCCAS TOON,Animation,Brazil,37100000.0,625700.0,13300.0,Youtube
54,venus,Ishtar Music,Music & Dance,India,36500000.0,67800.0,790.0,Youtube
55,Kimberly Loaiza,Kimberly Loaiza,Daily vlogs,Mexico,36000000.0,9200000.0,646500.0,Youtube
56,ShemarooEnt,Shemaroo,Tv,India,35800000.0,103600.0,604.0,Youtube
57,DaddyYankeeOFFTV,Daddy Yankee,Music & Dance,Argentina,35800000.0,1700000.0,174600.0,Youtube
58,Voot Kids,Voot Kids,Movies,India,35800000.0,2400000.0,17200.0,Youtube
59,WorkpointOfficial,WorkpointOfficial,Tv,Thailand,35600000.0,10100.0,139.0,Youtube
60,Toys and Colors,Toys and Colors,Toys,Varios,35100000.0,1100000.0,2900.0,Youtube
61,shfa,shfa,Daily vlogs,France,34900000.0,3600000.0,52400.0,Youtube
62,shfa2 - شفا,shfa2 - شفا,Daily vlogs,Varios,34500000.0,632100.0,4500.0,Youtube
63,SuperSimpleSongs,Super Simple Songs - Kids Songs,Music & Dance,Varios,33700000.0,1700000.0,3700.0,Youtube
64,Jkk Entertainment,Jkk Entertainment,Tv,India,33700000.0,11300000.0,103300.0,Youtube
65,JbalvinTube,J Balvin,Music & Dance,Colombia,33300000.0,0.0,7209.6,Youtube
66,gmmonetv,one31,Tv,Thailand,33300000.0,7000.0,133.0,Youtube
67,vegetta777,VEGETTA777,Video games,Mexico,32900000.0,394200.0,31700.0,Youtube
68,Masha and The Bear,Masha and The Bear,Animation,Varios,32800000.0,1200000.0,7500.0,Youtube
69,YouTube,YouTube,Tv,United States,32800000.0,41500.0,2000.0,Youtube
70,Goldmines Gaane Sune Ansune,Goldmines Gaane Sune Ansune,Music & Dance,India,32700000.000000004,65700.0,515.0,Youtube
71,markiplierGAME,Markiplier,Animation,United States,32500000.0,3000000.0,165300.0,Youtube
72,Like Nastya ESP,Like Nastya ESP,Tv,Varios,32300000.0,418400.0,1700.0,Youtube
73,Ryan's World,Ryan's World,Animation,Varios,32100000.0,975200.0,4400.0,Youtube
74,abpnewstv,ABP NEWS,News & Politics,India,32100000.0,2600.0,35.0,Youtube
75,NoCopyrightSounds,NoCopyrightSounds,Music & Dance,United States,32100000.0,535500.0,19700.0,Youtube
76,Desi Music Factory,Desi Music Factory,Music & Dance,India,32100000.0,10800000.0,396400.0,Youtube
77,Geet MP3,Geet MP3,Music & Dance,India,31900000.0,381400.0,25800.0,Youtube
78,Total Gaming,Total Gaming,Tv,India,31700000.0,1400000.0,140000.0,Youtube
79,Maria Clara & JP,Maria Clara & JP,Tv,Varios,31500000.0,2800000.0,22100.0,Youtube
80,UltraHindi,Ultra Bollywood,Tv,India,31500000.0,88100.0,570.0,Youtube
81,tseriesapnapunjab,T-Series Apna Punjab,Music & Dance,India,31300000.0,34300.0,1400.0,Youtube
82,SSSniperWolf,SSSniperWolf,Humor,United States,31000000.0,4900000.0,141900.0,Youtube
83,Mikecrack,Mikecrack,Animation,Mexico,30900000.0,3800000.0,277400.0,Youtube
84,GENIAL,GENIAL,Animation,Mexico,30900000.0,74300.0,2400.0,Youtube
85,KHANDESHI MOVIES,KHANDESHI MOVIES,Tv,India,30900000.0,7500000.0,65800.0,Youtube
86,tv3official,Ch3Thailand,Tv,Thailand,30700000.0,120500.0,1400.0,Youtube
87,Luis Fonsi,Luis Fonsi,Tv,United States,30500000.0,37000.0,2700.0,Youtube
88,sonypalindia,Sony PAL,Tv,India,30500000.0,12200.0,220.0,Youtube
89,AllTrapNation,Trap Nation,Music & Dance,United States,30500000.0,129300.0,4700.0,Youtube
90,IndiaTV,IndiaTV,News & Politics,India,30500000.0,13600.0,219.0,Youtube
91,cancionesdelagranja,La Granja de Zenón,Music & Dance,Varios,30400000.0,623300.0,3100.0,Youtube
92,erosentertainment,Eros Now Music,Tv,India,30300000.0,64099.99999999999,1000.0,Youtube
93,SMTOWN,SMTOWN,Music & Dance,United States,30200000.0,478000.0,54700.0,Youtube
94,MrBean,Mr Bean,Tv,India,30100000.0,73200.0,2200.0,Youtube
95,juptube,Galinha Pintadinha,Music & Dance,Varios,29700000.0,10600000.0,43200.0,Youtube
96,Ricis Official,Ricis Official,Music & Dance,Indonesia,29700000.0,782000.0,51600.0,Youtube
97,rezendeevil,rezendeevil,Video games,Brazil,29700000.0,230700.0,28700.0,Youtube
98,AH,AH,Music & Dance,Indonesia,29600000.0,1400000.0,81100.0,Youtube
99,SpinninRec,Spinnin' Records,Music & Dance,United States,29500000.0,70300.0,2500.0,Youtube
100,latenight,The Tonight Show Starring Jimmy Fallon,Music & Dance,United States,29300000.0,88800.0,2200.0,Youtube
101,tseriesoldisgold,Bollywood Classics,Music & Dance,India,28900000.0,44400.0,530.0,Youtube
102,rajshri,Rajshri,Tv,India,28800000.0,15400.0,109.0,Youtube
103,harpalgeo,HAR PAL GEO,Tv,Pakistan,28600000.0,7300.0,67.0,Youtube
104,DisneyMusicVEVO,DisneyMusicVEVO,Music & Dance,United States,28500000.0,2500000.0,63200.0,Youtube
105,UltraRecords,Ultra Music,Music & Dance,United States,28300000.0,30600.0,1200.0,Youtube
106,jacksepticeye,jacksepticeye,Video games,United States,28200000.0,1900000.0,127600.0,Youtube
107,BabyBus - Kids Songs and Cartoons,BabyBus - Kids Songs and Cartoons,Animation,Varios,28100000.0,1100000.0,4700.0,Youtube
108,xoxxxoooxo,The Weeknd,Music & Dance,United States,27700000.0,355600.0,25300.0,Youtube
109,TheLateLateShow,The Late Late Show with James Corden,Animation,United States,27500000.0,78100.0,1600.0,Youtube
110,ImagineDragons,ImagineDragons,Music & Dance,United States,27500000.0,1600000.0,95800.0,Youtube
111,TalkingTomCat,Talking Tom,Tv,United States,27400000.0,1200000.0,3000.0,Youtube
112,toyoraljanahtv,قناة طيور الجنة | toyoraljanahtv,Music & Dance,Varios,27300000.0,143700.0,5929.8,Youtube
113,theofficialpeppa,Peppa Pig - Official Channel,Toys,Varios,26900000.0,2000000.0,9000.0,Youtube
114,Little Angel: Nursery Rhymes & Kids Songs,Little Angel: Nursery Rhymes & Kids Songs,Toys,Varios,26900000.0,1100000.0,5100.0,Youtube
115,ARY Digital,ARY Digital,Tv,Pakistan,26900000.0,15100.0,143.0,Youtube
116,WWRBhojpuri,Worldwide Records Bhojpuri,Music & Dance,India,26700000.0,119600.0,1700.0,Youtube
117,SongsOfIndianCinema,Saregama Music,Music & Dance,India,26600000.0,31600.0,906.0,Youtube
118,MrBeast Gaming,MrBeast Gaming,Animation,United States,26500000.0,23300000.0,732000.0,Youtube
119,Wow Kidz,Wow Kidz,Animation,Varios,26500000.0,468200.0,4300.0,Youtube
120,TheDonato,TheDonato,Video games,Mexico,26500000.0,488100.0,56500.0,Youtube
121,GMANETWORK,GMANetwork,Tv,Philippines,26400000.0,10000.0,249.0,Youtube
122,infobellstamil,infobells - Tamil,Education,Varios,26200000.0,215000.0,1200.0,Youtube
123,TheDiamondMinecart,DanTDM,Video games,United States,26100000.0,1300000.0,59500.0,Youtube
124,taylorgangent,Wiz Khalifa,Music & Dance,United States,26000000.0,0.0,1116.0,Youtube
125,Bounce Patrol - Kids Songs,Bounce Patrol - Kids Songs,Music & Dance,Varios,25800000.0,2800000.0,7800.0,Youtube
126,WorldStarHipHopTV,WORLDSTARHIPHOP,Music & Dance,United States,25800000.0,72700.0,2400.0,Youtube
127,VanossGaming,VanossGaming,Animation,United States,25600000.0,1200000.0,57500.0,Youtube
128,enchufetv,enchufetv,Humor,Ecuador,25600000.0,960600.0,99900.0,Youtube
129,infobellstelugu,infobells - Telugu,Education,Varios,25600000.0,165500.0,825.0,Youtube
130,LosPolinesios,LosPolinesios,Daily vlogs,Mexico,25400000.0,620900.0,45600.0,Youtube
131,PowerKids,PowerKids,Movies,India,25300000.0,18900.0,4025.0,Youtube
132,Techno Gamerz,Techno Gamerz,Tv,India,25200000.0,5000000.0,332900.0,Youtube
133,1MILLION Dance Studio,1MILLION Dance Studio,Tv,India,25200000.0,72100.0,3800.0,Youtube
134,toycantando,toycantando,Music & Dance,Varios,25000000.0,376800.0,2300.0,Youtube
135,smosh,Smosh,Animation,United States,25000000.0,193400.0,10800.0,Youtube
136,xSkyHeLLxx,Renato Garcia,Toys,Brazil,24800000.0,1000000.0,112200.0,Youtube
137,AboFlah,AboFlah,Animation,Iraq,24700000.0,0.0,6042.0,Youtube
138,zeenews,Zee News,News & Politics,India,24500000.0,78300.0,1300.0,Youtube
139,Diana and Roma ESP,Diana and Roma ESP,Animation,Varios,24500000.0,982600.0,4400.0,Youtube
140,WatchMojo,WatchMojo.com,Movies,United States,24400000.0,77700.0,2300.0,Youtube
141,Super JoJo - Nursery Rhymes & Kids Songs,Super JoJo - Nursery Rhymes & Kids Songs,Animation,Varios,24400000.0,1500000.0,7500.0,Youtube
142,Genevieve's Playhouse - Learning Videos for Kids,Genevieve's Playhouse - Learning Videos for Kids,Toys,Varios,24400000.0,236400.0,410.0,Youtube
143,Jess No Limit,Jess No Limit,Music & Dance,Indonesia,24400000.0,363200.0,15400.0,Youtube
144,TwiNboTzVids,Lucas and Marcus,Animation,United States,24400000.0,472400.0,20300.0,Youtube
145,MR. INDIAN HACKER,MR. INDIAN HACKER,Tv,India,24300000.0,5300000.0,587700.0,Youtube
146,jypentertainment,JYP Entertainment,Music & Dance,United States,24200000.0,2300000.0,455200.0,Youtube
147,Las Ratitas,Las Ratitas,Toys,Varios,24200000.0,580700.0,15500.0,Youtube
148,James Charles,James Charles,Beauty,United States,24200000.0,1000000.0,54800.0,Youtube
149,davidguettavevo,David Guetta,Music & Dance,Brazil,24000000.0,267400.0,8700.0,Youtube
150,nickelodeonjuniorfr,Nick Jr.,Toys,Varios,24000000.0,148700.0,361.0,Youtube
151,व्लाद और निकिता,व्लाद और निकिता,Tv,Varios,23800000.0,2200000.0,14000.0,Youtube
152,ZHC,ZHC,Design/art,United States,23800000.0,5200000.0,195600.0,Youtube
153,adityamusic,Aditya Music,Music & Dance,India,23600000.0,49000.0,1200.0,Youtube
154,Logan Paul,Logan Paul,Video games,United States,23400000.0,4300000.0,76200.0,Youtube
155,Rans Entertainment,Rans Entertainment,Music & Dance,Indonesia,23400000.0,755700.0,22900.0,Youtube
156,NewOnNetflix,Netflix,Movies,United States,23200000.0,265200.0,5000.0,Youtube
157,Chloe Ting,Chloe Ting,Fitness,United States,23200000.0,375700.0,17300.0,Youtube
158,Troom Troom,Troom Troom,Toys,United States,23000000.0,339200.0,3700.0,Youtube
159,Masha y el Oso,Masha y el Oso,Animation,Varios,23000000.0,891300.0,5800.0,Youtube
160,Raffy Tulfo in Action,Raffy Tulfo in Action,Music & Dance,Philippines,23000000.0,399400.0,5800.0,Youtube
161,SesameStreet,Sesame Street,Music & Dance,Varios,22800000.0,237400.0,790.0,Youtube
162,JellyYT,Jelly,Video games,United States,22800000.0,260000.0,13200.0,Youtube
163,ColdplayVEVO,Coldplay,Music & Dance,United States,22800000.0,66200.0,6900.0,Youtube
164,Diana and Roma HIN,Diana and Roma HIN,Tv,Varios,22600000.0,251100.0,1600.0,Youtube
165,Mister Max,Mister Max,DIY & Life Hacks,Russia,22600000.0,988200.0,22400.0,Youtube
166,mildicasdemulher,Erlania e Valentina Pontes,Tv,Brazil,22500000.0,300100.0,5000.0,Youtube
167,Vlad và Nikita,Vlad và Nikita,Music & Dance,Varios,22400000.0,1300000.0,6700.0,Youtube
168,DrossRotzank,DrossRotzank,News & Politics,Mexico,22400000.0,2100000.0,151600.0,Youtube
169,Sandeep Maheshwari,Sandeep Maheshwari,Daily vlogs,India,22400000.0,652600.0,38800.0,Youtube
170,ABP NEWS HINDI,ABP NEWS HINDI,News & Politics,India,22300000.0,2000.0,25.0,Youtube
171,adityacinema,Aditya Movies,Tv,India,22300000.0,113600.0,3300.0,Youtube
172,Goldmines Dishoom,Goldmines Dishoom,Tv,Varios,22200000.0,28500.0,292.0,Youtube
173,THECHAINSMOKERS,The Chainsmokers,Humor,United States,22200000.0,62400.0,6200.0,Youtube
174,netdmuzikk,netd müzik,Music & Dance,Turkey,22000000.0,15500.0,355.0,Youtube
175,Technical Guruji,Technical Guruji,Tv,India,22000000.0,111400.0,9800.0,Youtube
176,Smile Family,Smile Family,Animation,Varios,21800000.0,142100.0,756.0,Youtube
177,gmmgrammyofficial,GMM GRAMMY OFFICIAL,Music & Dance,Thailand,21700000.0,2400.0,53.0,Youtube
178,Anuel AA,Anuel AA,Music & Dance,Colombia,21600000.0,104200.0,7400.0,Youtube
179,mmoshaya,mmoshaya,Tv,Saudi Arabia,21600000.0,1800000.0,35700.0,Youtube
180,Miss Katy,Miss Katy,Video games,Russia,21400000.0,604800.0,11200.0,Youtube
181,VenusMovies,Venus Movies,Tv,India,21400000.0,6300.0,64.0,Youtube
182,Like Nastya AE,Like Nastya AE,Tv,Varios,21400000.0,740500.0,5000.0,Youtube
183,Frost Diamond,Frost Diamond,Music & Dance,Indonesia,21200000.0,395100.0,21300.0,Youtube
184,Tasty,Tasty,Food & Drinks,United States,21000000.0,251500.0,7900.0,Youtube
185,WHBBP,White Hill Music,Music & Dance,India,21000000.0,23200.0,1200.0,Youtube
186,TEDtalksDirector,TED,Tv,United States,21000000.0,32700.000000000004,919.0,Youtube
187,WB Kids,WB Kids,Movies,Varios,21000000.0,68000.0,659.0,Youtube
188,oRugrat,FaZe Rug,Video games,United States,20800000.0,2500000.0,105900.0,Youtube
189,5-Minute Crafts DIY,5-Minute Crafts DIY,Music & Dance,India,20800000.0,53400.0,648.0,Youtube
190,AmericasGotTalent,America's Got Talent,Tv,United States,20800000.0,284300.0,5500.0,Youtube
191,CanalCanalha,CanalCanalha,Sports,Brazil,20700000.0,1100000.0,127400.0,Youtube
192,hamaarbhojiwood,Wave Music Bhojpuri,Music & Dance,India,20600000.0,8800.0,139.0,Youtube
193,PeppaLatinoAmericano,Peppa Pig Español Latino - Canal Oficial,Toys,Varios,20600000.0,734600.0,5700.0,Youtube
194,shemaroomovies,Shemaroo Movies,Tv,India,20600000.0,21800.0,264.0,Youtube
195,BabyBus - Canciones Infantiles & Cuentos,BabyBus - Canciones Infantiles & Cuentos,Toys,Varios,20600000.0,330900.0,1900.0,Youtube
196,Goldmines Bollywood,Goldmines Bollywood,Tv,India,20600000.0,32600.0,173.0,Youtube
197,Diana and Roma ARA,Diana and Roma ARA,Tv,Varios,20600000.0,1800000.0,12800.0,Youtube
198,The Lallantop,The Lallantop,News & Politics,India,20500000.0,12900.0,313.0,Youtube
199,FGTeeV,FGTeeV,Animation,United States,20400000.0,2100000.0,23500.0,Youtube
200,BuzzFeedVideo,BuzzFeedVideo,Daily vlogs,United States,20400000.0,56000.0,1400.0,Youtube
201,Baim Paula,Baim Paula,Music & Dance,Indonesia,20400000.0,1100000.0,49800.0,Youtube
202,SSundee,SSundee,Video games,United States,20400000.0,3000000.0,141200.0,Youtube
203,Like Nastya PRT,Like Nastya PRT,Tv,Varios,20400000.0,670300.0,3400.0,Youtube
204,AuthenticGames,AuthenticGames,Video games,Brazil,20200000.0,64800.0,6100.0,Youtube
205,TheFineBros,REACT,Humor,United States,20200000.0,89500.0,3000.0,Youtube
206,Crazy XYZ,Crazy XYZ,Tv,India,20200000.0,5600000.0,498500.0,Youtube
207,VEVO,Vevo,Music & Dance,United States,20000000.0,85600.0,804.0,Youtube
208,DisneyChannelLA,Disney Latinoamérica,Tv,Varios,20000000.0,46700.0,348.0,Youtube
209,goldmineshindi,Goldmines Movies,Tv,India,20000000.0,8200.0,65.0,Youtube
210,PenIndiaPvtLimited,Pen Movies,Tv,India,20000000.0,271000.0,7600.0,Youtube
211,HaerteTest,HaerteTest,Tv,India,20000000.0,28000.0,213.0,Youtube
212,SlivkiChanel,SlivkiShow,DIY & Life Hacks,Russia,19800000.0,2800000.0,295000.0,Youtube
213,5-Minute Crafts PLAY,5-Minute Crafts PLAY,Tv,India,19800000.0,35400.0,258.0,Youtube
214,LazarBeam,LazarBeam,Video games,United States,19800000.0,4200000.0,160000.0,Youtube
215,Kids TV - Nursery Rhymes And Baby Songs,Kids TV - Nursery Rhymes And Baby Songs,Animation,Varios,19800000.0,174200.0,320.0,Youtube
216,NationalGeographic,National Geographic,Tv,United States,19800000.0,45800.0,1100.0,Youtube
217,Brave Wilderness,Brave Wilderness,Tv,United States,19800000.0,400600.0,12100.0,Youtube
218,BeckyGOfficial,Becky G,Music & Dance,United States,19800000.0,57500.0,5000.0,Youtube
219,Goldmines Cineplex,Goldmines Cineplex,Tv,India,19800000.0,15700.0,132.0,Youtube
220,NewAFI2013,Indosiar Visual Mandiri,Music & Dance,Indonesia,19600000.0,15700.0,264.0,Youtube
221,rossbollinger,Pencilmation,Animation,United States,19600000.0,390900.0,3400.0,Youtube
222,HumNetwork,HUM TV,Tv,Pakistan,19400000.0,3000.0,21.0,Youtube
223,PrestonPlayz,Preston,Animation,United States,19400000.0,2800000.0,68600.0,Youtube
224,Mnet,Mnet K-POP,Music & Dance,United States,19400000.0,31100.0,2600.0,Youtube
225,CharliesVlogs,Charlie Puth,Music & Dance,United States,19200000.0,464700.0,34000.0,Youtube
226,Totoy kids - Português,Totoy kids - Português,Toys,Brazil,19200000.0,207400.0,1500.0,Youtube
227,GooodLifeFilms,Lyrical Lemonade,Tv,United States,19200000.0,335800.0,60700.0,Youtube
228,RotanaAudio,Rotana,Music & Dance,Saudi Arabia,19200000.0,1300000.0,22000.0,Youtube
229,Crafty Panda,Crafty Panda,Music & Dance,India,19100000.0,75000.0,540.0,Youtube
230,Noor Stars,Noor Stars,Music & Dance,Iraq,19100000.0,2000000.0,161300.0,Youtube
231,DLS News,DLS News,News & Politics,India,19000000.0,74300.0,2500.0,Youtube
232,Troom Troom Es,Troom Troom Es,Toys,Mexico,19000000.0,120500.0,2700.0,Youtube
233,starplus,StarPlus,Tv,India,19000000.0,348700.0,8300.0,Youtube
234,The ACE Family,The ACE Family,Humor,United States,19000000.0,1400000.0,73800.0,Youtube
235,toyorbabytv,toyorbabytv,Music & Dance,Varios,18800000.0,100900.0,5832.2,Youtube
236,gordonramsay,Gordon Ramsay,Food & Drinks,United States,18800000.0,218100.0,7200.0,Youtube
237,gottalentglobal,Got Talent Global,Tv,United States,18800000.0,48300.0,751.0,Youtube
238,TelenovelaTelevisa,Tlnovelas,ASMR,Mexico,18800000.0,26800.0,310.0,Youtube
239,Infinite,Infinite,Video games,United States,18800000.0,528700.0,24300.0,Youtube
240,MrVivekBindra,Dr. Vivek Bindra: Motivational Speaker,Education,India,18800000.0,290000.0,18200.0,Youtube
241,TheWillyrex,TheWillyrex,Video games,Spain,18600000.0,35100.0,2400.0,Youtube
242,UltraMovieParlour,Ultra Movie Parlour,Tv,India,18600000.0,194800.0,1200.0,Youtube
243,fatosdesconhecidos,Fatos Desconhecidos,Science & Technology,Brazil,18600000.0,242100.0,23100.0,Youtube
244,TheEnaldinhO,Enaldinho,Tv,Brazil,18500000.0,365900.0,28200.0,Youtube
245,Vlad and Niki Arabic,Vlad and Niki Arabic,Tv,Varios,18400000.0,2600000.0,18700.0,Youtube
246,OfficialClashOfClans,Clash of Clans,News & Politics,United States,18400000.0,485900.0,16100.000000000002,Youtube
247,JimmyKimmelLive,Jimmy Kimmel Live,Movies,United States,18400000.0,202900.0,4900.0,Youtube
248,MARVEL,Marvel Entertainment,Movies,United States,18400000.0,347200.0,26300.0,Youtube
249,RobinHoodGamer1,Robin Hood Gamer,Animation,Brazil,18400000.0,1300000.0,59000.0,Youtube
250,Unbox Therapy,Unbox Therapy,Science & Technology,United States,18200000.0,1300000.0,17700.0,Youtube
251,NBA,NBA,Sports,United States,18200000.0,49400.0,1600.0,Youtube
252,Kurzgesagt,Kurzgesagt – In a Nutshell,Education,United States,18200000.0,7700000.0,354700.0,Youtube
253,TRT Originals Urdu,TRT Originals Urdu,Tv,Pakistan,18200000.0,387900.0,17100.0,Youtube
254,CKN,CKN,Video games,Varios,18200000.0,214300.0,1600.0,Youtube
255,gmapublicaffairs,GMA Public Affairs,News & Politics,Philippines,18100000.0,10600.0,131.0,Youtube
256,corbuzierprediction,Deddy Corbuzier,Tv,Indonesia,18100000.0,3000000.0,66300.0,Youtube
257,Eva Bravo Play,Eva Bravo Play,Tv,Varios,18100000.0,323900.0,2600.0,Youtube
258,★ Kids Roma Show,★ Kids Roma Show,Animation,Varios,18000000.0,1100000.0,10200.0,Youtube
259,shfa show India,shfa show India,Daily vlogs,Varios,18000000.0,3300000.0,19000.0,Youtube
260,Мирошка ТВ,Мирошка ТВ,Tv,Russia,18000000.0,15400.0,67.0,Youtube
261,sonotekvideo,Sonotek,Music & Dance,India,18000000.0,34100.0,1200.0,Youtube
262,greengoldtv,Green Gold TV - Official Channel,Tv,Varios,18000000.0,305500.0,2500.0,Youtube
263,Kinder Spielzeug Kanal,Kinder Spielzeug Kanal,Animation,Varios,18000000.0,168800.0,1000.0,Youtube
264,GEN HALILINTAR,GEN HALILINTAR,Music & Dance,Indonesia,18000000.0,747500.0,39900.0,Youtube
265,INCRÍVEL,INCRÍVEL,Animation,Brazil,17800000.0,32500.0,1800.0,Youtube
266,turmadamonicaTV,Turma da Mônica,Animation,Varios,17800000.0,180900.0,1800.0,Youtube
267,DanielSaboya,Dan-Sa / Daniel Saboya,Music & Dance,Brazil,17800000.0,33900.0,1600.0,Youtube
268,BritainsGotTalent09,Britain's Got Talent,Music & Dance,Varios,17800000.0,122900.0,939.0,Youtube
269,kbsworld,KBS WORLD TV,Tv,Philippines,17800000.0,6300.0,211.0,Youtube
270,TheOdd1sOut,TheOdd1sOut,Animation,United States,17700000.0,0.0,1270.0,Youtube
271,Ninja Kidz TV,Ninja Kidz TV,Video games,United States,17600000.0,2500000.0,22400.0,Youtube
272,Brent Rivera,Brent Rivera,Animation,United States,17600000.0,3900000.0,281500.0,Youtube
273,PinkPanther,Official Pink Panther,Tv,Varios,17600000.0,716600.0,5900.0,Youtube
274,FactTechz,FactTechz,Tv,India,17500000.0,791100.0,66900.0,Youtube
275,Like Nastya Vlog,Like Nastya Vlog,Daily vlogs,Varios,17500000.0,752200.0,2700.0,Youtube
276,TheGrefg,TheGrefg,Animation,Spain,17500000.0,1400000.0,97000.0,Youtube
277,SockeyeMedia,Mother Goose Club Playhouse,Music & Dance,Varios,17500000.0,80200.0,149.0,Youtube
278,Matroix,Ali-A,Video games,United States,17500000.0,691200.0,20100.0,Youtube
279,HiMan,HiMan,Video games,Russia,17500000.0,1200000.0,102300.0,Youtube
280,rhettandlink2,Good Mythical Morning,Food & Drinks,United States,17500000.0,1300000.0,40200.0,Youtube
281,CookieSwirlC,CookieSwirlC,Video games,United States,17500000.0,411800.0,4700.0,Youtube
282,ElTrollino,ElTrollino,Animation,Mexico,17500000.0,3300000.0,101000.0,Youtube
283,Naisa Alifia Yuriza (N.A.Y),Naisa Alifia Yuriza (N.A.Y),Music & Dance,Indonesia,17500000.0,504700.0,19900.0,Youtube
284,EeOneGuy,EeOneGuy,Tv,Russia,17500000.0,794000.0,47000.0,Youtube
285,Stubborn Facts,Stubborn Facts,Tv,India,17300000.0,97000.0,3000.0,Youtube
286,TheElenaYa,Diana and Roma EN,Animation,Varios,17300000.0,607000.0,2300.0,Youtube
287,MiawAug,MiawAug,Video games,Indonesia,17300000.0,1300000.0,67300.0,Youtube
288,rsiammusic,RsiamMusic : อาร์สยาม,Music & Dance,Thailand,17300000.0,8400.0,306.0,Youtube
289,Emiway Bantai,Emiway Bantai,Music & Dance,India,17300000.0,864400.0,106600.0,Youtube
290,Netflix India,Netflix India,ASMR,India,17300000.0,61900.0,2800.0,Youtube
291,farrukotv,Farruko,Music & Dance,United States,17300000.0,493200.0,22300.0,Youtube
292,dj47maryn,Marmok,Video games,Russia,17300000.0,3800000.0,437500.0,Youtube
293,portadosfundos,Porta dos Fundos,Movies,Brazil,17300000.0,639800.0,62800.0,Youtube
294,BabyBus - Cerita & Lagu Anak-anak,BabyBus - Cerita & Lagu Anak-anak,Toys,Varios,17100000.0,926400.0,5700.0,Youtube
295,Willyrex,Willyrex,Video games,Mexico,17100000.0,147500.0,10000.0,Youtube
296,SCTVIndonesia,Surya Citra Televisi,Music & Dance,Indonesia,17100000.0,23600.0,433.0,Youtube
297,SebastianYatra,Sebastián Yatra,Music & Dance,Colombia,17100000.0,1800000.0,55500.0,Youtube
298,Little Angel Español - Canciones Infantiles,Little Angel Español - Canciones Infantiles,Animation,Varios,17100000.0,1200000.0,7500.0,Youtube
299,ThePoznavatel,Познаватель,Toys,Russia,16900000.0,3400000.0,92300.0,Youtube
300,A_S Gaming,A_S Gaming,Tv,India,16900000.0,1100000.0,102300.0,Youtube
301,RobleisIUTU,RobleisIUTU,Animation,Argentina,16900000.0,1200000.0,79300.0,Youtube
302,Guava Juice,Guava Juice,Tv,United States,16900000.0,73600.0,2100.0,Youtube
303,D Billions,D Billions,Tv,Varios,16900000.0,1200000.0,2000.0,Youtube
304,kidstvsongs,Doggy Doggy Cartoons,Tv,Varios,16900000.0,14600.0,172.0,Youtube
305,aMOODIEsqueezie,SQUEEZIE,Tv,France,16900000.0,5300000.0,430400.0,Youtube
306,Vania Mania Kids,Vania Mania Kids,Toys,Varios,16700000.0,361700.0,2200.0,Youtube
307,Heidi & Zidane बच्चों की कहानियाँ,Heidi & Zidane बच्चों की कहानियाँ,Daily vlogs,Varios,16700000.0,414300.0,3100.0,Youtube
308,The Royalty Family,The Royalty Family,Humor,United States,16700000.0,2800000.0,81700.0,Youtube
309,musicalrmastv,الـريماس - Al-Remas,Music & Dance,Iraq,16700000.0,66500.0,3300.0,Youtube
310,Masha e o Urso,Masha e o Urso,Tv,Varios,16700000.0,346300.0,2800.0,Youtube
311,grammygoldofficia,Grammy Gold Official,Music & Dance,Thailand,16700000.0,12100.0,198.0,Youtube
312,IGNentertainment,IGN,Movies,United States,16500000.0,65800.0,1500.0,Youtube
313,Sun TV,Sun TV,Tv,India,16500000.0,92100.0,1600.0,Youtube
314,TEDEducation,TED-Ed,Science & Technology,United States,16500000.0,330200.0,15100.0,Youtube
315,JasonDerulo,Jason Derulo,Music & Dance,United States,16500000.0,73900.0,5200.0,Youtube
316,Tu COSMOPOLIS,Tu COSMOPOLIS,Daily vlogs,Mexico,16500000.0,211100.0,17100.0,Youtube
317,jquintanac5,DeToxoMoroxo,Movies,Mexico,16500000.0,835100.0,37500.0,Youtube
318,LankyBox,LankyBox,Video games,United States,16500000.0,1100000.0,15200.0,Youtube
319,Beast Reacts,Beast Reacts,Tv,United States,16399999.999999998,10300000.0,345400.0,Youtube
320,etvteluguindia,etvteluguindia,Tv,India,16399999.999999998,35100.0,305.0,Youtube
321,ArabGamesNetwork,شبكة العاب العرب | Arab Games Network,Tv,Algeria,16399999.999999998,318300.0,28900.0,Youtube
322,invictorgs3,invictor,Video games,Mexico,16399999.999999998,2900000.0,97400.0,Youtube
323,Vlad and Niki IDN,Vlad and Niki IDN,Music & Dance,Varios,16300000.0,469200.0,2500.0,Youtube
324,STARVIJAY,Vijay Television,Tv,India,16300000.0,358500.0,8300.0,Youtube
325,TheBrianMaps,TheBrianMaps,Video games,Russia,16300000.0,2600000.0,314600.0,Youtube
326,Rafa & Luiz,Rafa & Luiz,Video games,Brazil,16300000.0,579700.0,39200.0,Youtube
327,IDEAS EN 5 MINUTOS,IDEAS EN 5 MINUTOS,Tv,Mexico,16300000.0,28900.0,474.0,Youtube
328,SUPER SLICK SLIME SAM,SUPER SLICK SLIME SAM,DIY & Life Hacks,Mexico,16200000.0,228200.0,7300.0,Youtube
329,Jane ASMR 제인,Jane ASMR 제인,Daily vlogs,United States,16100000.000000002,438700.0,8600.0,Youtube
330,AnittaOficial,Anitta,Music & Dance,Brazil,16100000.000000002,316400.0,12300.0,Youtube
331,jeffreestar,jeffreestar,Beauty,United States,16100000.000000002,878500.0,36700.0,Youtube
332,Canal IN,Canal IN,Toys,Brazil,16100000.000000002,26200.0,1600.0,Youtube
333,Sandra Cires Art,Sandra Cires Art,Tv,Colombia,16100000.000000002,1400000.0,76000.0,Youtube
334,iberethenorio,Manual do Mundo,Science & Technology,Brazil,16100000.000000002,488800.0,69800.0,Youtube
335,Antrax,Antrax,Video games,Mexico,16100000.000000002,935800.0,88100.0,Youtube
336,zbingzbing,zbing z.,Animation,Thailand,15900000.0,657300.0,26300.0,Youtube
337,Kiddiestv Hindi - Nursery Rhymes & Kids Songs,Kiddiestv Hindi - Nursery Rhymes & Kids Songs,Education,United States,15900000.0,67300.0,507.0,Youtube
338,littlemixmusic,Little Mix,Music & Dance,United States,15900000.0,104200.0,10000.0,Youtube
339,Prajapati News,Prajapati News,Tv,India,15800000.0,46300.0,2100.0,Youtube
340,Kaykai Salaider,Kaykai Salaider,Movies,Thailand,15700000.0,1400000.0,104000.0,Youtube
341,Kids Play,Kids Play,Tv,Varios,15700000.0,120200.0,957.0,Youtube
342,boyceavenue,Boyce Avenue,Music & Dance,Brazil,15700000.0,338500.0,8000.0,Youtube
343,failarmy,FailArmy,Animation,United States,15700000.0,2200000.0,19900.0,Youtube
344,Apple,Apple,Tv,Varios,15700000.0,4300000.0,35000.0,Youtube
345,DopeLyrics,DopeLyrics,Music & Dance,United States,15700000.0,31700.0,615.0,Youtube
346,DUDU e CAROL,DUDU e CAROL,Toys,Brazil,15700000.0,1400000.0,65900.0,Youtube
347,queenofficial,Queen Official,Music & Dance,United States,15700000.0,123300.0,4200.0,Youtube
348,movieclipsTRAILERS,Movieclips Trailers,Movies,United States,15700000.0,58200.0,903.0,Youtube
349,MatthewPatrick13,The Game Theorists,Science & Technology,United States,15700000.0,3100000.0,163800.0,Youtube
350,lescopaque,Les' Copaque Production,Tv,Indonesia,15600000.0,350100.0,7700.0,Youtube
351,Khan GS Research Centre,Khan GS Research Centre,Education,India,15600000.0,9100000.0,641500.0,Youtube
352,TRANSTVofficial,TRANS TV Official,Music & Dance,Indonesia,15500000.0,373.0,5.0,Youtube
353,SonyMusicSouthVEVO,SonyMusicSouthVEVO,Music & Dance,India,15500000.0,110200.0,4100.0,Youtube
354,RomanAtwoodVlogs,Roman Atwood Vlogs,Humor,United States,15500000.0,677400.0,33800.0,Youtube
355,marquesbrownlee,Marques Brownlee,Science & Technology,United States,15500000.0,2900000.0,119200.0,Youtube
356,Village Cooking Channel,Village Cooking Channel,Tv,India,15500000.0,8199999.999999999,254800.0,Youtube
357,vice,VICE,News & Politics,United States,15500000.0,257500.0,5600.0,Youtube
358,Aayu and Pihu Show,Aayu and Pihu Show,Movies,India,15500000.0,4300000.0,111300.0,Youtube
359,हिंदी - Genevieve's Playhouse,हिंदी - Genevieve's Playhouse,Education,Varios,15500000.0,1100000.0,9400.0,Youtube
360,Kids Channel India - Hindi Rhymes and Baby Songs,Kids Channel India - Hindi Rhymes and Baby Songs,Music & Dance,Varios,15500000.0,114400.0,731.0,Youtube
361,tanboy kun,tanboy kun,Music & Dance,Indonesia,15400000.0,2200000.0,56800.0,Youtube
362,El Reino a Jugar,El Reino a Jugar,Toys,Varios,15400000.0,317300.0,1200.0,Youtube
363,Triggered Insaan,Triggered Insaan,Humor,India,15400000.0,6400000.0,800900.0,Youtube
364,monstafluffmusicTV,7clouds,Music & Dance,United States,15300000.0,185400.0,3000.0,Youtube
365,Dyland PROS,Dyland PROS,Music & Dance,Indonesia,15300000.0,92100.0,7700.0,Youtube
366,Camila Cabello,Camila Cabello,Music & Dance,United States,15300000.0,109400.0,14200.0,Youtube
367,JenniferLopez,Jennifer Lopez,Fashion,United States,15300000.0,401900.0,12100.0,Youtube
368,MegatoadStonie,Matt Stonie,Food & Drinks,United States,15300000.0,0.0,5413.0,Youtube
369,AdMe.ru - Сайт о творчестве,AdMe.ru - Сайт о творчестве,Animation,Russia,15300000.0,51900.0,1500.0,Youtube
370,Zappy Toons - Hindi Nursery Rhymes and Stories,Zappy Toons - Hindi Nursery Rhymes and Stories,Education,Varios,15300000.0,120600.0,665.0,Youtube
371,Blippi - Educational Videos for Kids,Blippi - Educational Videos for Kids,Education,Varios,15300000.0,1200000.0,4300.0,Youtube
372,Ivana Alawi,Ivana Alawi,Daily vlogs,Philippines,15300000.0,2700000.0,122600.0,Youtube
373,Oyuncak Avı,Oyuncak Avı,Tv,Varios,15300000.0,126200.0,5413.0,Youtube
374,Jason Vlogs,Jason Vlogs,Toys,Varios,15300000.0,273100.0,1600.0,Youtube
375,portalfitdance,FitDance,Music & Dance,Brazil,15100000.0,46300.0,1300.0,Youtube
376,Kerajinan 5-Menit,Kerajinan 5-Menit,Music & Dance,Indonesia,15100000.0,20800.0,221.0,Youtube
377,TheRichest,TheRichest,News & Politics,United States,15100000.0,17300.0,588.0,Youtube
378,Goldmines Great Indian Comedy,Goldmines Great Indian Comedy,Tv,India,15100000.0,11400.0,122.0,Youtube
379,popchartbusters,Pop Chartbusters,Music & Dance,India,15100000.0,20200.0,366.0,Youtube
380,OGatoGalactico,Gato Galactico | GALÁXIA,Toys,Brazil,15100000.0,79600.0,4700.0,Youtube
381,wifistudy,wifistudy,Education,India,15000000.0,7400.0,645.0,Youtube
382,ntvru,НТВ,News & Politics,Russia,15000000.0,82300.0,901.0,Youtube
383,Dhar Mann,Dhar Mann,Health & Self Help,United States,15000000.0,6200000.0,140900.0,Youtube
384,حِرف إبداعية في 5 دقائق,حِرف إبداعية في 5 دقائق,Tv,Egypt,14900000.0,22600.0,386.0,Youtube
385,KSIOlajidebtHD,JJ Olatunji,Animation,United States,14900000.0,4800000.0,429500.0,Youtube
386,kwebbelkop,Kwebbelkop,Animation,United States,14900000.0,218800.0,17500.0,Youtube
387,RCTI - LAYAR DRAMA INDONESIA,RCTI - LAYAR DRAMA INDONESIA,Music & Dance,Indonesia,14900000.0,26100.0,455.0,Youtube
388,Junya Official Channel,Junya Official Channel,Tv,Japan,14900000.0,407200.0,2000.0,Youtube
389,makeuplocalypse,Mariale,Tv,Mexico,14900000.0,241300.0,13500.0,Youtube
390,ranziscool,Ranz Kyle,Humor,Philippines,14900000.0,362300.0,15000.0,Youtube
391,Makiman131,Makiman131,Video games,Spain,14900000.0,393800.0,25400.0,Youtube
392,Lachlan,Lachlan,Video games,United States,14900000.0,864600.0,34600.0,Youtube
393,IDEIAS INCRÍVEIS,IDEIAS INCRÍVEIS,Tv,Brazil,14700000.0,15400.0,331.0,Youtube
394,IISuperwomanII,Lilly Singh,Animation,United States,14700000.0,94800.0,6600.0,Youtube
395,TalkingFriends,Talking Tom & Friends,Animation,United States,14700000.0,445800.0,4300.0,Youtube
396,CanalTaBombando,LEGENDA FUNK,Music & Dance,Brazil,14700000.0,9300.0,529.0,Youtube
397,Planeta das Gêmeas,Planeta das Gêmeas,Toys,Brazil,14700000.0,531200.0,23200.0,Youtube
398,Dave and Ava - Nursery Rhymes and Baby Songs,Dave and Ava - Nursery Rhymes and Baby Songs,Education,Varios,14700000.0,449100.0,1900.0,Youtube
399,5-Minute Crafts FAMILY,5-Minute Crafts FAMILY,Tv,United States,14600000.0,21500.0,242.0,Youtube
400,Sony AATH,Sony AATH,Tv,Bangladesh,14600000.0,138000.0,3200.0,Youtube
401,AMARINTV : อมรินทร์ทีวี,AMARINTV : อมรินทร์ทีวี,News & Politics,Thailand,14600000.0,13100.0,148.0,Youtube
402,Super Polina,Super Polina,Tv,Varios,14600000.0,40200.0,211.0,Youtube
403,LOKESH GAMER,LOKESH GAMER,Tv,India,14500000.0,657300.0,85700.0,Youtube
404,News24page,News24,News & Politics,India,14500000.0,9500.0,186.0,Youtube
405,Niana Guerrero,Niana Guerrero,Music & Dance,Philippines,14500000.0,732400.0,41000.0,Youtube
406,SriBalajiMovies,SriBalajiMovies,Tv,India,14500000.0,83500.0,2200.0,Youtube
407,Drawblogs,Drawblogs,Movies,Mexico,14500000.0,0.0,363.4,Youtube
408,Sidemen,Sidemen,Video games,United Kingdom,14500000.0,5900000.0,276400.0,Youtube
409,zncoficial,Zé Neto e Cristiano,Music & Dance,Brazil,14500000.0,5300000.0,44000.0,Youtube
410,Super Senya,Super Senya,Animation,Varios,14500000.0,30500.0,152.0,Youtube
411,newvolgavideo,Volga Video,Tv,India,14500000.0,2900.0,18.0,Youtube
412,rkddigital,RKD Studios,Movies,India,14500000.0,42600.0,870.0,Youtube
413,hejproducao,Henrique e Juliano,Music & Dance,Brazil,14500000.0,96800.0,4100.0,Youtube
414,MattyBRaps,MattyBRaps,Music & Dance,United States,14500000.0,512600.0,8000.0,Youtube
415,collegehumor,CollegeHumor,Humor,United States,14500000.0,194600.0,8400.0,Youtube
416,popskids,POPS Kids,Animation,Poland,14500000.0,15900.0,61.0,Youtube
417,La Rosa de Guadalupe,La Rosa de Guadalupe,Animation,Mexico,14500000.0,361000.0,3200.0,Youtube
418,حقائق وأسرار,حقائق وأسرار,Tv,Egypt,14500000.0,26000.0,1400.0,Youtube
419,LinusTechTips,Linus Tech Tips,Science & Technology,United States,14500000.0,1500000.0,63500.0,Youtube
420,T3DDYgames,T3ddy,Daily vlogs,Brazil,14400000.0,1100000.0,140100.0,Youtube
421,indiancomedy,Shemaroo Comedy,Tv,India,14300000.0,248300.0,2200.0,Youtube
422,XpressTV,XpressTV,Science & Technology,Mexico,14300000.0,1500000.0,62200.0,Youtube
423,Harsh Beniwal,Harsh Beniwal,Movies,India,14300000.0,11600000.0,1300000.0,Youtube
424,Like Nastya IDN,Like Nastya IDN,Music & Dance,Varios,14300000.0,301700.0,15160.0,Youtube
425,bbtvch7,Ch7HD,Tv,Thailand,14300000.0,12700.0,235.0,Youtube
426,chadwildclay,Chad Wild Clay,Movies,United States,14300000.0,2300000.0,43800.0,Youtube
427,iTownGamePlay,iTownGamePlay *Terror&Diversión*,News & Politics,Mexico,14300000.0,131200.0,6200.0,Youtube
428,MartinGarrix,Martin Garrix,Music & Dance,United States,14300000.0,59600.0,1900.0,Youtube
429,Canal Nostalgia,Canal Nostalgia,Science & Technology,Brazil,14300000.0,265100.0,36800.0,Youtube
430,With Kids[위드키즈],With Kids[위드키즈],Tv,United States,14300000.0,368300.0,14560.0,Youtube
431,theslowmoguys,The Slow Mo Guys,Education,United States,14300000.0,1200000.0,72700.0,Youtube
432,LEGO,LEGO,Design/art,United States,14300000.0,21500.0,84.0,Youtube
433,mkmusicnews,MK MUSIC,Music & Dance,Brazil,14200000.0,53300.0,2800.0,Youtube
434,Daftar Populer,Daftar Populer,News & Politics,Indonesia,14100000.0,139300.0,2900.0,Youtube
435,Mobile Legends: Bang Bang Official,Mobile Legends: Bang Bang Official,Movies,Indonesia,14100000.0,259300.0,2400.0,Youtube
436,OfficialTrapCity,Trap City,Music & Dance,United States,14100000.0,44400.0,1800.0,Youtube
437,inventonahoratv,Invento na Hora,Tv,Brazil,14100000.0,1200000.0,152900.0,Youtube
438,And TV,And TV,Tv,India,14100000.0,15200.0,276.0,Youtube
439,PlayStation,PlayStation,Tv,United States,14100000.0,24500.0,748.0,Youtube
440,camilaloures,Camila Loures,Food & Drinks,Brazil,14100000.0,310400.0,28200.0,Youtube
441,Genierock,Genierock,Music & Dance,Thailand,14100000.0,16500.0,340.0,Youtube
442,Fede Vigevani,Fede Vigevani,Tv,Mexico,14100000.0,3000000.0,230200.0,Youtube
443,It's Mamix,It's Mamix,DIY & Life Hacks,Russia,14100000.0,2800000.0,276300.0,Youtube
444,#Refugio Mental,#Refugio Mental,Tv,Mexico,14100000.0,745600.0,8100.0,Youtube
445,Gyan Gamingㅤ,Gyan Gamingㅤ,Tv,India,13900000.0,581300.0,70900.0,Youtube
446,Maha Fun Tv,Maha Fun Tv,Tv,India,13900000.0,9100000.0,46800.0,Youtube
447,Johny FamilyShow,Johny FamilyShow,Tv,Varios,13900000.0,170700.0,681.0,Youtube
448,Arif muhammad,Arif muhammad,Music & Dance,Indonesia,13900000.0,3000000.0,93500.0,Youtube
449,AM3NlC,AM3NlC,Food & Drinks,Brazil,13900000.0,215900.0,24500.0,Youtube
450,GMMTVSPOTLIKE,GMMTV OFFICIAL​​,Movies,Thailand,13900000.0,26500.0,779.0,Youtube
451,NikkieTutorials,NikkieTutorials,Design/art,United States,13900000.0,821100.0,55700.0,Youtube
452,MasterskayaNastroeny,Мастерская Настроения,Tv,Russia,13900000.0,390400.0,8200.0,Youtube
453,MRamadanOfficial,Mohamed Ramadan I محمد رمضان,Music & Dance,Egypt,13900000.0,761500.0,28200.0,Youtube
454,F2Freestylers,F2Freestylers - Ultimate Soccer Skills Channel,Sports,United Kingdom,13900000.0,208300.0,9400.0,Youtube
455,BollywoodClassics,Bollywood Classics,Music & Dance,India,13900000.0,40400.0,329.0,Youtube
456,Smile Family Spanish,Smile Family Spanish,Animation,Varios,13900000.0,1100000.0,7600.0,Youtube
457,WWWengie,Wengie,DIY & Life Hacks,United States,13900000.0,84800.0,5700.0,Youtube
458,thairathonline,Thairath Online,News & Politics,Thailand,13900000.0,25500.0,328.0,Youtube
459,Sourav Joshi Vlogs,Sourav Joshi Vlogs,Daily vlogs,India,13900000.0,6300000.0,571500.0,Youtube
460,TeamFilmsBhojpuri,Team Films Bhojpuri,Music & Dance,India,13800000.0,8200.0,229.0,Youtube
461,SOMOY TV,SOMOY TV,Daily vlogs,Bangladesh,13800000.0,8600.0,179.0,Youtube
462,bbchindi,BBC News Hindi,News & Politics,India,13700000.0,235700.0,19140.0,Youtube
463,Anasala I أنس و أصالة,Anasala I أنس و أصالة,Tv,Egypt,13700000.0,2800000.0,189500.0,Youtube
464,Zach Choi ASMR,Zach Choi ASMR,Daily vlogs,United States,13700000.0,765600.0,40000.0,Youtube
465,MAIKI021,MAIKI021,Autos & Vehicles,Brazil,13700000.0,38500.0,5700.0,Youtube
466,bomberball,Bie The Ska,Tv,Thailand,13700000.0,892800.0,30900.0,Youtube
467,Doc Tops,Doc Tops,News & Politics,Mexico,13700000.0,1400000.0,75700.0,Youtube
468,mispastelitosyoutub,Mis Pastelitos,Food & Drinks,Mexico,13700000.0,2300000.0,109600.0,Youtube
469,CH8vdo,ช่อง8 : Thai Ch8,Tv,Thailand,13700000.0,6800.0,115.0,Youtube
470,Трум Трум,Трум Трум,Humor,Russia,13700000.0,450800.0,6100.0,Youtube
471,vetealaversha,Darkar Company Studios,Animation,Mexico,13700000.0,416100.0,48800.0,Youtube
472,ndtvindia,NDTV India,News & Politics,India,13600000.0,20000.0,605.0,Youtube
473,dangmattsmith,Dang Matt Smith,Animation,United States,13500000.0,287900.0,9300.0,Youtube
474,O Canal do Joãozinho - Little Angel Português,O Canal do Joãozinho - Little Angel Português,Animation,Varios,13500000.0,805200.0,5700.0,Youtube
475,zeefilmimusic,Zee Music Classic,Music & Dance,India,13500000.0,27700.0,205.0,Youtube
476,Kurt Hugo Schneider,Kurt Hugo Schneider,Tv,United States,13500000.0,48800.0,2800.0,Youtube
477,AzzyLand,AzzyLand,Animation,United States,13500000.0,198500.0,7300.0,Youtube
478,TWICE,TWICE,Music & Dance,Philippines,13500000.0,793700.0,78100.0,Youtube
479,The World Adventures हिन्दी,The World Adventures हिन्दी,Daily vlogs,India,13500000.0,46700.0,2500.0,Youtube
480,NehaKakkarOfficial,Neha Kakkar,Music & Dance,India,13500000.0,0.0,1530.4,Youtube
481,Zach King,Zach King,Humor,United States,13500000.0,1200000.0,82300.0,Youtube
482,Daily Dose Of Internet,Daily Dose Of Internet,Animals & Pets,United States,13500000.0,4500000.0,265100.0,Youtube
483,laharimusic,Lahari Music | T-Series,Music & Dance,India,13500000.0,54900.0,2100.0,Youtube
484,TheABSCBNNews,ABS-CBN News,News & Politics,Philippines,13400000.0,4500.0,47.0,Youtube
485,CNN,CNN,News & Politics,United States,13400000.0,239200.0,3100.0,Youtube
486,NOBRU,NOBRU,Video games,Brazil,13300000.0,109700.0,12200.0,Youtube
487,fcbarcelona,FC Barcelona,Sports,India,13300000.0,207500.0,13200.0,Youtube
488,A2 Motivation {Arvind Arora},A2 Motivation {Arvind Arora},Tv,India,13300000.0,543200.0,62500.0,Youtube
489,crashcourse,CrashCourse,Science & Technology,United States,13300000.0,47600.0,1700.0,Youtube
490,UFC,UFC - Ultimate Fighting Championship,Sports,United States,13300000.0,155200.0,2900.0,Youtube
491,infobells,infobells,Education,Varios,13300000.0,16600.0,82.0,Youtube
492,pognalishow,Дима Масленников,Video games,Russia,13300000.0,4800000.0,436900.0,Youtube
493,TazerCraft,TazerCraft,Animation,Brazil,13300000.0,352800.0,26800.0,Youtube
494,GallinaPintadita,Gallina Pintadita,Animation,Varios,13300000.0,403900.0,2300.0,Youtube
495,elcanaldePlimPlim,Plim Plim - Kids Songs & Episodes - Spanish,Music & Dance,Varios,13300000.0,831300.0,4900.0,Youtube
496,RosannaPansino,Rosanna Pansino,Food & Drinks,United States,13300000.0,206000.0,8400.0,Youtube
497,Online Job,Online Job,Tv,India,13300000.0,10100.0,305.0,Youtube
498,Kuplinov ► Play,Kuplinov ► Play,Video games,Russia,13300000.0,1200000.0,67700.0,Youtube
499,EdisonPts,EdisonPts,Video games,Russia,13300000.0,2000000.0,153800.0,Youtube
500,MNCTVOfficial,MNCTV Official,Music & Dance,Indonesia,13200000.0,4100.0,126.0,Youtube
501,Totoy kids - Español,Totoy kids - Español,Toys,Varios,13100000.0,165900.0,1000.0,Youtube
502,The LaBrant Fam,The LaBrant Fam,Music & Dance,United States,13100000.0,792500.0,25700.0,Youtube
503,Bizarrap,Bizarrap,Music & Dance,Argentina,13100000.0,80500000.0,5600000.0,Youtube
504,Wow Kidz Action,Wow Kidz Action,Tv,Varios,13100000.0,1200000.0,9600.0,Youtube
505,AtlanticVideos,Atlantic Records,Music & Dance,United States,13100000.0,9600.0,325.0,Youtube
506,Blippi Español,Blippi Español,Toys,Varios,13100000.0,891800.0,3800.0,Youtube
507,CoryxKenshin,CoryxKenshin,Video games,United States,13100000.0,4700000.0,338800.0,Youtube
508,theRadBrad,theRadBrad,Video games,United States,13100000.0,186400.0,8800.0,Youtube
509,mymissanand,MyMissAnand,Movies,India,13100000.0,2100000.0,80900.0,Youtube
510,Narins Beauty,Narins Beauty,Tv,Iraq,13100000.0,2700000.0,267200.0,Youtube
511,TV Ana Emilia,TV Ana Emilia,Fashion,Mexico,13100000.0,425600.0,14100.0,Youtube
512,iloveindianmakeup,Anaysa,Humor,India,13100000.0,933600.0,38000.0,Youtube
513,Auron,Auron,Video games,Mexico,13100000.0,2200000.0,137700.0,Youtube
514,Unspeakable,Unspeakable,Video games,United States,13000000.0,1900000.0,39300.0,Youtube
515,narendramodionline,NMF News,News & Politics,India,13000000.0,6200.0,123.0,Youtube
516,Zig & Sharko,Zig & Sharko,Tv,Varios,12900000.0,375300.0,2600.0,Youtube
517,The Shiny Peanut,The Shiny Peanut,Tv,Indonesia,12900000.0,35700.0,752.0,Youtube
518,djzoi0,Everson Zoio,Humor,Brazil,12900000.0,631000.0,80100.0,Youtube
519,Fun For Kids TV - Hindi Rhymes,Fun For Kids TV - Hindi Rhymes,Tv,Varios,12900000.0,0.0,2145.2,Youtube
520,50CentMusic,50 Cent,Music & Dance,United States,12900000.0,100700.0,5800.0,Youtube
521,News18 India,News18 India,News & Politics,India,12900000.0,2700.0,51.0,Youtube
522,MattSDance,Matt Steffanina,Music & Dance,United States,12900000.0,124500.0,7800.0,Youtube
523,SaturdayNightLive,Saturday Night Live,Movies,United States,12900000.0,1100000.0,19200.0,Youtube
524,MrSuicideSheep,MrSuicideSheep,Tv,United States,12900000.0,94400.0,4000.0,Youtube
525,YOLO,YOLO,Tv,Mexico,12900000.0,267100.0,26200.0,Youtube
526,MrBeast Shorts,MrBeast Shorts,Daily vlogs,United States,12900000.0,0.0,2145.2,Youtube
527,SrtaLynaV,Lyna,Animation,Argentina,12900000.0,737100.0,37700.0,Youtube
528,MazhavilManorama,Mazhavil Manorama,Tv,India,12800000.0,22300.0,332.0,Youtube
529,Desi Gamers,Desi Gamers,Tv,India,12700000.0,727800.0,94700.0,Youtube
530,ChallengeAcceptedInc,Aphmau,Animation,United States,12700000.0,3900000.0,84600.0,Youtube
531,The Q,The Q,Tv,United States,12700000.0,128600.0,4900.0,Youtube
532,Aadishakti Films,Aadishakti Films,Music & Dance,India,12700000.0,39000.0,1400.0,Youtube
533,O Que Não Dizer Oficial,O Que Não Dizer Oficial,Tv,Brazil,12700000.0,113500.0,14300.0,Youtube
534,skillzaisherebooya,Conor Maynard,Music & Dance,United States,12700000.0,305800.0,21400.0,Youtube
535,twentyonepilots,twenty one pilots,Music & Dance,United States,12700000.0,1700000.0,153900.0,Youtube
536,#Refúgio Mental,#Refúgio Mental,Tv,Brazil,12700000.0,471800.0,10300.0,Youtube
537,ABCNews,ABC News,News & Politics,United States,12700000.0,12000.0,191.0,Youtube
538,DALLMYD,DALLMYD,Mystery,United States,12700000.0,322700.0,12400.0,Youtube
539,PozzitifonShow,Поззи,Video games,Russia,12700000.0,1400000.0,87700.0,Youtube
540,1032010814,TKOR,DIY & Life Hacks,United States,12700000.0,107100.0,3800.0,Youtube
541,typicalgamer,Typical Gamer,Video games,United States,12700000.0,804400.0,14300.0,Youtube
542,123 GO! Spanish,123 GO! Spanish,Toys,Mexico,12700000.0,888000.0,11800.0,Youtube
543,Like Nastya VNM,Like Nastya VNM,Tv,Varios,12700000.0,666400.0,47420.0,Youtube
544,Health Time,Health Time,Daily vlogs,India,12600000.0,12600.0,467.0,Youtube
545,Dangal TV Channel,Dangal TV Channel,Tv,India,12600000.0,332400.0,2600.0,Youtube
546,Wish 107.5,Wish 107.5,Music & Dance,Philippines,12600000.0,146800.0,4400.0,Youtube
547,RedeTVhdBrasil,RedeTV,News & Politics,Brazil,12600000.0,2700.0,74.0,Youtube
548,NishaMadhulika,Nisha Madhulika,Food & Drinks,India,12500000.0,220600.0,5200.0,Youtube
549,ETV Jabardasth,ETV Jabardasth,Tv,India,12500000.0,192600.0,2700.0,Youtube
550,ETV Jabardasth,ETV Jabardasth,Tv,India,12500000.0,192600.0,2700.0,Youtube
551,canalparafernalha,Parafernalha,Tv,Brazil,12500000.0,50800.0,4400.0,Youtube
552,Knowledge Tv हिन्दी,Knowledge Tv हिन्दी,Education,India,12500000.0,158700.0,9400.0,Youtube
553,JDCav24,ATHLEAN-X™,Fitness,United States,12500000.0,395600.0,19000.0,Youtube
554,MusicTalentNow,Top Viral Talent,Tv,United States,12500000.0,19900.0,401.0,Youtube
555,Vlad and Niki ARA,Vlad and Niki ARA,Tv,Varios,12500000.0,457200.0,3800.0,Youtube
556,React,People Vs Food,Food & Drinks,United States,12500000.0,464200.0,18000.0,Youtube
557,zeetvtelugu,Zee Telugu,Tv,India,12500000.0,128300.0,1300.0,Youtube
558,PrestonPlayz,PrestonPlayz,Video games,United States,12500000.0,2100000.0,48800.0,Youtube
559,BUDI01 GAMING,BUDI01 GAMING,Video games,Indonesia,12500000.0,1100000.0,91500.0,Youtube
560,MstrJames,Hacksmith Industries,DIY & Life Hacks,United States,12500000.0,896700.0,46300.0,Youtube
561,Blossom,Blossom,Tv,United States,12400000.0,111000.0,2200.0,Youtube
562,JesseAndMike,JesseAndMike,Humor,United States,12400000.0,523800.0,6600.0,Youtube
563,LOUD,LOUD,Tv,Brazil,12300000.0,138500.0,15500.0,Youtube
564,Hongyu ASMR 홍유,Hongyu ASMR 홍유,ASMR,United States,12300000.0,1300000.0,15600.0,Youtube
565,Taarak Mehta Ka Ooltah Chashmah,Taarak Mehta Ka Ooltah Chashmah,Tv,India,12300000.0,701300.0,10800.0,Youtube
566,htpunjabi,Lokdhun Punjabi,Music & Dance,India,12300000.0,16200.0,346.0,Youtube
567,Piuzinho,Piuzinho,Video games,Brazil,12300000.0,233300.0,45800.0,Youtube
568,DisneyChannelUK,DisneyChannelUK,Tv,Singapore,12300000.0,0.0,2076.6,Youtube
569,Meghan Trainor,Meghan Trainor,Music & Dance,United States,12300000.0,11400.0,564.0,Youtube
570,Juliana Baltar,Juliana Baltar,Toys,Brazil,12300000.0,286600.0,18600.0,Youtube
571,5-Minute Crafts Recycle,5-Minute Crafts Recycle,Tv,India,12300000.0,102300.0,855.0,Youtube
572,أترو/Atro,أترو/Atro,Tv,Iraq,12300000.0,521000.0,71600.0,Youtube
573,alanalan9635,Stokes Twins,Humor,United States,12300000.0,9900000.0,281500.0,Youtube
574,BBC,BBC,Tv,United Kingdom,12300000.0,40700.0,673.0,Youtube
575,AdexeOficial,Adexe & Nau,Music & Dance,Mexico,12300000.0,38300.0,4400.0,Youtube
576,gymvirtual,gymvirtual,Music & Dance,Mexico,12300000.0,76400.0,3500.0,Youtube
577,einerdtv,Ei Nerd,Movies,Brazil,12300000.0,265400.0,42300.0,Youtube
578,Alex Gonzaga Official,Alex Gonzaga Official,Music & Dance,Philippines,12300000.0,2900000.0,116600.0,Youtube
579,Gibby :),Gibby :),Daily vlogs,Mexico,12300000.0,582600.0,28400.0,Youtube
580,LittleBabyBumEspanol,Little Baby Bum en Español,Autos & Vehicles,Varios,12300000.0,98200.0,4985.6,Youtube
581,Melon City Show - برنامج ولاية بطيخ,Melon City Show - برنامج ولاية بطيخ,Tv,Iraq,12300000.0,405600.0,24400.0,Youtube
582,Troom Troom PT,Troom Troom PT,Toys,Brazil,12300000.0,201400.0,4700.0,Youtube
583,Jake Fellman,Jake Fellman,Tv,United States,12300000.0,857600.0,36700.0,Youtube
584,jazzghost1,Jazzghost,Animation,Brazil,12300000.0,758700.0,55900.0,Youtube
585,Like Nastya Stories,Like Nastya Stories,Tv,Varios,12300000.0,166200.0,1200.0,Youtube
586,Bela Bagunça,Bela Bagunça,Toys,Brazil,12300000.0,74800.0,4400.0,Youtube
587,tseriesregional,T-Series Regional,Music & Dance,India,12100000.0,6900.0,148.0,Youtube
588,Brawl Stars,Brawl Stars,Animation,United States,12100000.0,6400000.0,181200.0,Youtube
589,Crescendo com Luluca,Crescendo com Luluca,Toys,Brazil,12100000.0,1300000.0,52800.0,Youtube
590,PowerfulJRE,PowerfulJRE,Daily vlogs,United States,12100000.0,498900.0,14700.0,Youtube
591,bbcnews,BBC News,News & Politics,United Kingdom,12100000.0,236200.0,3300.0,Youtube
592,JustForLaughsTV,Just For Laughs Gags,Tv,India,12100000.0,66400.0,1200.0,Youtube
593,NORMAN FAIT DES VIDÉOS,NORMAN FAIT DES VIDÉOS,Animation,France,12100000.0,1800000.0,168200.0,Youtube
594,GoldClassics,Goldmines Premiere,Tv,Varios,12100000.0,9900.0,154.0,Youtube
595,awakeningrecords,Awakening Music,Music & Dance,Indonesia,12100000.0,16800.0,1200.0,Youtube
596,OficialPeppa,Peppa Pig em Português Brasil - Canal Oficial,Toys,Varios,12100000.0,634600.0,4100.0,Youtube
597,zeebangla,Zee Bangla,Tv,India,12000000.0,43900.0,476.0,Youtube
598,MY FAMILY,MY FAMILY,Tv,India,11900000.0,1100000.0,6700.0,Youtube
599,Kabita's Kitchen,Kabita's Kitchen,Tv,India,11900000.0,298800.0,7300.0,Youtube
600,KaKa Kids TV - Nursery Rhymes Kids Animated Songs,KaKa Kids TV - Nursery Rhymes Kids Animated Songs,Tv,Varios,11900000.0,15200.0,64.0,Youtube
601,EU FICO LOKO,EU FICO LOKO,Tv,Brazil,11900000.0,9700.0,988.0,Youtube
602,Zeinab Harake,Zeinab Harake,Daily vlogs,Philippines,11900000.0,1300000.0,71200.0,Youtube
603,OReinho,O Reino Infantil,Music & Dance,Varios,11900000.0,109300.0,489.0,Youtube
604,HZHtube Kids Fun,HZHtube Kids Fun,Toys,Varios,11900000.0,491200.0,3100.0,Youtube
605,HusamYK,Katakit Baby TV,Music & Dance,Saudi Arabia,11900000.0,179900.0,1600.0,Youtube
606,MrGear,MrGear,Tv,United States,11900000.0,44700.0,587.0,Youtube
607,Migosatl,Migos ATL,Music & Dance,United States,11900000.0,3300000.0,131000.0,Youtube
608,TheDaniRep,DaniRep | +6 Vídeos Diarios De GTA 5 Online!,Animation,Mexico,11900000.0,349900.0,19500.0,Youtube
609,colinfurze,colinfurze,DIY & Life Hacks,United States,11900000.0,1100000.0,36800.0,Youtube
610,Planet Earth INDIA,Planet Earth INDIA,Daily vlogs,India,11900000.0,459800.0,18100.0,Youtube
611,karameeshchannel,karameeshchannel,Music & Dance,Varios,11900000.0,389300.0,2900.0,Youtube
612,RayWilliamJohnson,Ray William Johnson,Tv,United States,11900000.0,4000000.0,356500.0,Youtube
613,Lulu99,Lulu99,Tv,Colombia,11900000.0,591600.0,39800.0,Youtube
614,Dear Sir,Dear Sir,Education,India,11900000.0,261400.0,15600.0,Youtube
615,officialjassrecords,Jass Records,Music & Dance,India,11800000.0,223800.0,3500.0,Youtube
616,YairAuriazul,Yair17,Tv,Mexico,11800000.0,324200.0,37600.0,Youtube
617,disneyjunior,Disney Junior,Music & Dance,Varios,11800000.0,92500.0,270.0,Youtube
618,ГЛЕНТ,ГЛЕНТ,Video games,Russia,11800000.0,3300000.0,281700.0,Youtube
619,Study IQ education,Study IQ education,Education,India,11700000.0,11400.0,519.0,Youtube
620,Más SKabeche,Más SKabeche,Tv,Mexico,11700000.0,793900.0,46900.0,Youtube
621,My Mate Nate,My Mate Nate,Tv,Thailand,11700000.0,1400000.0,53800.0,Youtube
622,FrontaL Gaming,FrontaL Gaming,Animation,Indonesia,11700000.0,490800.0,35500.0,Youtube
623,Blockbuster Movies,Blockbuster Movies,Daily vlogs,India,11700000.0,118500.0,1100.0,Youtube
624,JOJO TV - Hindi Stories,JOJO TV - Hindi Stories,Tv,India,11700000.0,122200.0,833.0,Youtube
625,AvrilLavigne,Avril Lavigne,Music & Dance,United States,11700000.0,2800000.0,130400.0,Youtube
626,Dani Russo Tv,Dani Russo Tv,Music & Dance,Brazil,11700000.0,10900.0,1400.0,Youtube
627,Wolfoo Channel,Wolfoo Channel,Toys,Varios,11700000.0,1100000.0,6200.0,Youtube
628,MORGENSHTERN,MORGENSHTERN,Humor,Russia,11700000.0,11000000.0,789900.0,Youtube
629,rebeccazamolo1,Rebecca Zamolo,Video games,United States,11700000.0,2800000.0,70600.0,Youtube
630,Ice Cream Rolls,Ice Cream Rolls,Tv,United States,11700000.0,50400.0,2200.0,Youtube
631,TommyInnit,TommyInnit,Animation,United States,11700000.0,3400000.0,294600.0,Youtube
632,Morgz,Morgz,Video games,United States,11700000.0,0.0,1079.2,Youtube
633,TheInfographicsShow,The Infographics Show,Education,United States,11700000.0,348800.0,10300.0,Youtube
634,1veritasium,Veritasium,Science & Technology,United States,11700000.0,3900000.0,169300.0,Youtube
635,Come Play With Me,Come Play With Me,Toys,Varios,11700000.0,2700000.0,197540.0,Youtube
636,hamaarbhojpuri,T-Series Hamaar Bhojpuri,Music & Dance,India,11700000.0,13500.0,177.0,Youtube
637,Troom Troom India,Troom Troom India,Tv,India,11700000.0,452900.0,5100.0,Youtube
638,YOLO AVENTURAS,YOLO AVENTURAS,Daily vlogs,Colombia,11600000.0,838400.0,74900.0,Youtube
639,TheDodoSite,The Dodo,Animals & Pets,United States,11600000.0,608900.0,22900.0,Youtube
640,Panda,Panda,Animation,India,11600000.0,1100000.0,103700.0,Youtube
641,Troom Troom Indonesia,Troom Troom Indonesia,Toys,Indonesia,11600000.0,256700.0,2500.0,Youtube
642,RaptorGamer,RaptorGamer,Video games,Mexico,11500000.0,741400.0,46500.0,Youtube
643,CrazyRussianHacker,CrazyRussianHacker,DIY & Life Hacks,United States,11500000.0,75100.0,2300.0,Youtube
644,Kluna Tik,Kluna Tik,Tv,United States,11500000.0,442100.0,5400.0,Youtube
645,Codiscos,Codiscos,Music & Dance,Colombia,11500000.0,9400.0,195.0,Youtube
646,Garena Free Fire LATAM,Garena Free Fire LATAM,Tv,Mexico,11500000.0,277500.0,6100.0,Youtube
647,LIV Crime,LIV Crime,Daily vlogs,India,11500000.0,271600.0,2600.0,Youtube
648,hoiitsroi,Wassabi,Humor,United States,11500000.0,692400.0,47600.0,Youtube
649,Nat and Essie,Nat and Essie,Toys,Varios,11500000.0,289200.0,1800.0,Youtube
650,thinkmusicindia,Think Music India,Music & Dance,India,11500000.0,75400.0,3200.0,Youtube
651,The MriDul,The MriDul,Tv,India,11500000.0,8900000.0,293000.0,Youtube
652,BanderitaX,BanderitaX,Animation,Saudi Arabia,11500000.0,1400000.0,101200.0,Youtube
653,Americanvogue,Vogue,Fashion,United States,11500000.0,324200.0,13300.0,Youtube
654,luansantanaoficial,Luan Santana,Music & Dance,Brazil,11500000.0,3400000.0,54900.0,Youtube
655,FIFATV,FIFA,Sports,United States,11500000.0,63400.0,1900.0,Youtube
656,Davie504,Davie504,Music & Dance,United States,11500000.0,2000000.0,194400.0,Youtube
657,Mor Haryanvi,Mor Haryanvi,Music & Dance,India,11500000.0,3300000.0,49000.0,Youtube
658,ExpCaseros,ExpCaseros,DIY & Life Hacks,Spain,11500000.0,54100.0,2300.0,Youtube
659,TsMadaan,TsMadaan,Education,India,11500000.0,64099.99999999999,1500.0,Youtube
660,Koo Koo TV - Hindi,Koo Koo TV - Hindi,Tv,India,11500000.0,442700.0,4500.0,Youtube
661,CHHOTU KI MASTI,CHHOTU KI MASTI,Tv,India,11500000.0,5000000.0,47300.0,Youtube
662,Mythpat,Mythpat,Tv,India,11500000.0,3000000.0,310400.0,Youtube
663,ndtv,NDTV,News & Politics,India,11400000.0,4900.0,84.0,Youtube
664,Ya - Alisa,Ya - Alisa,Tv,Varios,11300000.0,28600.0,126.0,Youtube
665,Coke Studio,Coke Studio,Music & Dance,Pakistan,11300000.0,185300.0,5400.0,Youtube
666,DeGoBooM,DeGoBooM,Video games,Mexico,11300000.0,426000.0,16300.0,Youtube
667,htbhakti,Sonotek Bhakti,Music & Dance,India,11300000.0,101800.0,149.0,Youtube
668,MrTimbaVk,Timba Vk,Video games,Mexico,11300000.0,1500000.0,63800.0,Youtube
669,Yudist Ardhana,Yudist Ardhana,Video games,Indonesia,11300000.0,330400.0,11200.0,Youtube
670,elrubius,Rubius Z,Video games,Argentina,11300000.0,2300000.0,194600.0,Youtube
671,Trakin Tech,Trakin Tech,News & Politics,India,11300000.0,283100.0,21900.0,Youtube
672,FelipeViktor,LipaoGamer,Animation,Brazil,11300000.0,164500.0,12400.0,Youtube
673,CaptainSparklez,CaptainSparklez,Video games,United States,11300000.0,111200.0,8000.0,Youtube
674,ماشا و الدب,ماشا و الدب,Animation,Varios,11300000.0,1300000.0,11600.0,Youtube
675,MBCMASR,MBC مصر,Tv,Egypt,11300000.0,2700.0,51.0,Youtube
676,eltreceok,El Trece,News & Politics,Argentina,11300000.0,3600.0,40.0,Youtube
677,Infobells Bangla,Infobells Bangla,Education,Varios,11300000.0,529200.0,2300.0,Youtube
678,MTV2,Wild 'N Out,Music & Dance,United States,11300000.0,221000.0,4700.0,Youtube
679,DANIEL EL TRAVIESO VIDEOS,DANIEL EL TRAVIESO VIDEOS,Animation,Colombia,11300000.0,959700.0,32200.000000000004,Youtube
680,UnspeakableGaming,UnspeakableGaming,Video games,United States,11300000.0,857500.0,16500.0,Youtube
681,luzugames,luzugames,Video games,Mexico,11300000.0,0.0,74.6,Youtube
682,lokdhuntv,Wave Music Bhakti,Music & Dance,India,11300000.0,7000.0,106.0,Youtube
683,gmanews,GMA News,News & Politics,Philippines,11300000.0,4900.0,50.0,Youtube
684,Sony Music South,Sony Music South,Music & Dance,India,11300000.0,265300.0,5500.0,Youtube
685,VyQwaint,Vy Qwaint,Video games,United States,11200000.0,2200000.0,43200.0,Youtube
686,Wolfoo Family,Wolfoo Family,Animation,Varios,11200000.0,1500000.0,9000.0,Youtube
687,KompasTVNews,KOMPASTV,News & Politics,Indonesia,11200000.0,5200.0,37.0,Youtube
688,MaJa Tv Hindi Stories,MaJa Tv Hindi Stories,Tv,India,11200000.0,518700.00000000006,5500.0,Youtube
689,Hero Movies 2022,Hero Movies 2022,Daily vlogs,India,11100000.0,177700.0,1200.0,Youtube
690,Rauw Alejandro,Rauw Alejandro,Music & Dance,Peru,11100000.0,0.0,1119.4,Youtube
691,الجانب المُشرق | Bright Side Arabic,الجانب المُشرق | Bright Side Arabic,Tv,Egypt,11100000.0,24200.0,744.0,Youtube
692,123 GO!,123 GO!,Humor,United States,11100000.0,656000.0,5900.0,Youtube
693,TastyCompot,Compot,Video games,Russia,11100000.0,1700000.0,74400.0,Youtube
694,办公室小野 Ms Yeah,办公室小野 Ms Yeah,Tv,United States,11100000.0,232600.0,20000.0,Youtube
695,epicfortnite,Fortnite,Video games,United States,11100000.0,321300.0,10300.0,Youtube
696,Magic Five,Magic Five,Video games,Russia,11100000.0,4000000.0,230200.0,Youtube
697,Biperysusamigos,Biper y sus Amigos,Music & Dance,Varios,11100000.0,539500.0,16620.0,Youtube
698,crackrockcandy,Maymo,Tv,United States,11100000.0,328200.0,1300.0,Youtube
699,FirstWeFeast,First We Feast,Food & Drinks,United States,11100000.0,308200.0,14100.0,Youtube
700,realannoyingorange,Annoying Orange,Animation,United States,11100000.0,121500.0,2800.0,Youtube
701,ElRinconDeGiorgio,El Rincón De Giorgio,Video games,Spain,11100000.0,1800000.0,170400.0,Youtube
702,ExplosmEntertainment,ExplosmEntertainment,Movies,United States,11100000.0,711200.0,45200.0,Youtube
703,Jaiden Animations,Jaiden Animations,Tv,United States,11100000.0,5600000.0,602700.0,Youtube
704,Emily Tube,Emily Tube,Animation,Varios,11100000.0,0.0,1119.4,Youtube
705,yogawithadriene,Yoga With Adriene,Fitness,United States,11100000.0,952000.0,19700.0,Youtube
706,Mo Vlogs,Mo Vlogs,Humor,India,11100000.0,401500.0,24200.0,Youtube
707,Star Casablanca | نجوم الدار البيضاء,Star Casablanca | نجوم الدار البيضاء,Music & Dance,Iraq,11100000.0,46500.0,2200.0,Youtube
708,BBCEarth,BBC Earth,Animals & Pets,United States,11100000.0,87700.0,2500.0,Youtube
709,Morphle TV,Morphle TV,Animation,Varios,11100000.0,112100.0,4860.0,Youtube
710,Free Fire India Official,Free Fire India Official,Animation,India,11100000.0,177700.0,15600.0,Youtube
711,YMWayneCarter,Lil Wayne,Music & Dance,United States,11100000.0,2000000.0,100100.0,Youtube
712,GoldminesAction,GoldminesAction,Tv,Varios,11100000.0,8400.0,116.0,Youtube
713,coisadenerd,Coisa de Nerd,Design/art,Brazil,11100000.0,1100000.0,126100.0,Youtube
714,Vlad and Niki ESP,Vlad and Niki ESP,Toys,Varios,11100000.0,1500000.0,8100.0,Youtube
715,Alejo Igoa,Alejo Igoa,DIY & Life Hacks,Argentina,11000000.0,4100000.0,142200.0,Youtube
716,Simone e Simaria,Simone e Simaria,Music & Dance,Brazil,10900000.0,2400000.0,57200.0,Youtube
717,YoungBoy Never Broke Again,YoungBoy Never Broke Again,Music & Dance,United States,10900000.0,7600000.0,274700.0,Youtube
718,TheViralFeverVideos,The Viral Fever,Movies,India,10900000.0,1900000.0,89400.0,Youtube
719,hawkrecord,Single Track Studio,Music & Dance,India,10900000.0,989200.0,29800.0,Youtube
720,Avocado Couple I Crazy Comics,Avocado Couple I Crazy Comics,Tv,United States,10900000.0,579100.0,5300.0,Youtube
721,mirandasings08,Miranda Sings,Humor,United States,10900000.0,153900.0,10300.0,Youtube
722,watchcut,Cut,Humor,United States,10900000.0,409600.0,16900.0,Youtube
723,oyabakatousan,"Sen, Momo, Ai & Shii's Channel",Daily vlogs,Varios,10900000.0,92500.0,340.0,Youtube
724,pocoyotv,POCOYÓ en ESPAÑOL - Canal Oficial,Tv,Varios,10900000.0,130100.0,1400.0,Youtube
725,MashaBearUkraine,Маша та Ведмідь,Education,Varios,10900000.0,218600.0,1200.0,Youtube
726,chotoonz,Chotoonz TV - Funny Cartoons for Kids,Tv,Varios,10900000.0,79600.0,2512.8,Youtube
727,Луномосик,Луномосик,Video games,Russia,10900000.0,2500000.0,83900.0,Youtube
728,barbie,Barbie,Tv,Varios,10900000.0,161900.0,365.0,Youtube
729,Technology Gyan,Technology Gyan,Tv,India,10900000.0,331200.0,26400.0,Youtube
730,TygaTygaTV,Tyga,Music & Dance,United States,10900000.0,45600.0,3100.0,Youtube
731,comedycentral,Comedy Central,Humor,United States,10900000.0,42400.0,924.0,Youtube
732,DemolitionRanch,DemolitionRanch,Video games,United States,10900000.0,1600000.0,75400.0,Youtube
733,RapGeniusVideo,Genius,Music & Dance,United States,10900000.0,52100.0,2200.0,Youtube
734,WiederDude,WiederDude,Tv,United States,10900000.0,863000.0,17600.0,Youtube
735,E-MasterSensei,E-MasterSensei,Animation,Mexico,10900000.0,1500000.0,103200.0,Youtube
736,CarryisLive,CarryisLive,Tv,India,10900000.0,916900.0,84100.0,Youtube
737,Juanpa Zurita,Juanpa Zurita,Tv,Mexico,10900000.0,1900000.0,149400.0,Youtube
738,BakLol Video,BakLol Video,Movies,India,10900000.0,1400000.0,33400.0,Youtube
739,HellomaphieMX,HellomaphieMX,DIY & Life Hacks,Mexico,10900000.0,654400.0,76000.0,Youtube
740,Levinho,Levinho,Tv,India,10900000.0,304100.0,29300.0,Youtube
741,jpgameplayfull,JP Plays,Video games,Brazil,10900000.0,112700.0,6000.0,Youtube
742,Dan Rhodes,Dan Rhodes,Animation,India,10800000.0,334100.0,29600.0,Youtube
743,geonews,Geo News,News & Politics,Pakistan,10800000.0,3800.0,53.0,Youtube
744,ToysPlay,ToysPlay,Animation,Varios,10700000.0,183400.0,1100.0,Youtube
745,bharatzkitchen HINDI,bharatzkitchen HINDI,Tv,India,10700000.0,232900.0,6000.0,Youtube
746,Área Secreta,Área Secreta,DIY & Life Hacks,Brazil,10700000.0,0.0,960.0,Youtube
747,Virgínia Fonseca,Virgínia Fonseca,Daily vlogs,Brazil,10700000.0,922600.0,78600.0,Youtube
748,programagalofrito,Galo Frito,Tv,Brazil,10700000.0,7700.0,777.0,Youtube
749,FilmTheorists,The Film Theorists,Movies,United States,10700000.0,2200000.0,110300.0,Youtube
750,videogyan,Videogyan Nursery Rhymes - Kids Songs & Cartoons,Animation,Varios,10700000.0,69000.0,318.0,Youtube
751,GamesEduUu,Games EduUu,Movies,Brazil,10700000.0,1500000.0,218100.0,Youtube
752,MC Divertida,MC Divertida,Music & Dance,Varios,10700000.0,230300.0,2000.0,Youtube
753,kidstvindia,Kids TV India Hindi Nursery Rhymes,Education,Varios,10700000.0,69700.0,327.0,Youtube
754,TiempodeSol,Duo Tiempo De Sol,Music & Dance,Varios,10700000.0,423700.0,1600.0,Youtube
755,"Baby Big Mouth Kids - Sing, Dance, Explore","Baby Big Mouth Kids - Sing, Dance, Explore",Animation,Varios,10700000.0,1000.0,18.0,Youtube
756,Quantum Tech HD,Quantum Tech HD,Tv,United States,10700000.0,1200000.0,7200.0,Youtube
757,ComedyShortsGamer,Deji,Animation,United Kingdom,10700000.0,1500000.0,50700.0,Youtube
758,HikakinTV,HikakinTV,Music & Dance,Japan,10700000.0,1200000.0,42600.0,Youtube
759,storybots,Netflix Jr.,Animation,Varios,10700000.0,38600.0,105.0,Youtube
760,GoProCamera,GoPro,Sports,United States,10700000.0,55300.0,2100.0,Youtube
761,Slogomanify,Slogo,Video games,United States,10700000.0,387100.0,17800.0,Youtube
762,tomiii 11,tomiii 11,Daily vlogs,Mexico,10700000.0,78500.0,9700.0,Youtube
763,Narendra Modi,Narendra Modi,Science & Technology,India,10700000.0,31500.0,1800.0,Youtube
764,Dobre Brothers,Dobre Brothers,Humor,United States,10700000.0,284400.0,10200.0,Youtube
765,OGGY,OGGY,Tv,Varios,10700000.0,504300.0,5500.0,Youtube
766,OYUNCAKOYNUYORUM,OYUNCAKOYNUYORUM,Tv,Varios,10700000.0,311200.0,1100.0,Youtube
767,Experienced Mojaraba TV,Experienced Mojaraba TV,Health & Self Help,United States,10700000.0,190700.0,5200.0,Youtube
768,rangeldovine,Lucas Rangel,Tv,Brazil,10600000.0,169600.0,18200.0,Youtube
769,NEXT9NEWS हर खबर आप तक,NEXT9NEWS हर खबर आप तक,Tv,India,10600000.0,1600.0,7.0,Youtube
770,Jessica Jane,Jessica Jane,Food & Drinks,Indonesia,10500000.0,826400.0,46200.0,Youtube
771,Ceylin - H Official,Ceylin - H Official,Music & Dance,Cyprus,10500000.0,73100.0,593.4,Youtube
772,stampylonghead,stampylonghead,Video games,United States,10500000.0,155900.0,8200.0,Youtube
773,Flamingo,Flamingo,Animation,United States,10500000.0,2100000.0,68300.0,Youtube
774,Golemcito Games,Golemcito Games,Video games,Peru,10500000.0,2800000.0,290000.0,Youtube
775,Daniel LaBelle,Daniel LaBelle,Tv,United States,10500000.0,5600000.0,273600.0,Youtube
776,Vox,Vox,News & Politics,United States,10500000.0,2300000.0,69300.0,Youtube
777,craftingeek,Craftingeek,Tv,Mexico,10500000.0,231200.0,9200.0,Youtube
778,francinyehlke,Franciny Ehlke,Fashion,Brazil,10500000.0,197200.0,19200.0,Youtube
779,BuzzFeedYellow,As/Is,Fashion,United States,10500000.0,27100.0,1100.0,Youtube
780,doctruyencotich,Kênh Thiếu Nhi - BHMEDIA,Music & Dance,United States,10500000.0,21300.0,94.0,Youtube
781,ChillStepNation,Chill Nation,Music & Dance,United States,10500000.0,53700.0,1100.0,Youtube
782,Acenix,Acenix,Video games,Mexico,10500000.0,2400000.0,111000.0,Youtube
783,Taylor RS,Taylor RS,Tv,United States,10500000.0,39800.0,348.0,Youtube
784,pinkfongko,핑크퐁 (인기 동요・동화),Music & Dance,Varios,10500000.0,66900.0,325.0,Youtube
785,SaraBeautyCorner,"SaraBeautyCorner - DIY, Comedy, Makeup, Nail Art",DIY & Life Hacks,United States,10500000.0,133300.0,7600.0,Youtube
786,WarnerBrosPictures,Warner Bros. Pictures,Movies,United States,10500000.0,424800.0,17700.0,Youtube
787,Google,Google,Tv,United States,10500000.0,11600.0,158.0,Youtube
788,redbull,Red Bull,Sports,United States,10500000.0,292500.0,5200.0,Youtube
789,LA DIVAZA,LA DIVAZA,Tv,Mexico,10500000.0,0.0,293.0,Youtube
790,CJENMMUSIC,Stone Music Entertainment,Music & Dance,United States,10500000.0,8400.0,719.0,Youtube
791,telugufilmnagar,Telugu Filmnagar,Tv,India,10500000.0,4500.0,71.0,Youtube
792,brancoala,Brancoala,Toys,Brazil,10500000.0,398200.0,8200.0,Youtube
793,Kids smile TV,Kids smile TV,Tv,Varios,10500000.0,227500.0,1400.0,Youtube
794,soicon295,Magnet World,Tv,United States,10500000.0,12600.0,423.0,Youtube
795,Sidhu Moose Wala,Sidhu Moose Wala,Music & Dance,India,10400000.0,3900000.0,336000.0,Youtube
796,AlArabiya,AlArabiya العربية,News & Politics,Morocco,10400000.0,6300.0,92.0,Youtube
797,Troom Troom Arabic,Troom Troom Arabic,Tv,Egypt,10300000.0,558900.0,9100.0,Youtube
798,MeKcanal,Matheus e Kauan,Music & Dance,Brazil,10300000.0,6200.0,663.0,Youtube
799,DuDuPopTOY,DuDuPopTOY,Animation,Varios,10300000.0,16100.000000000002,374.0,Youtube
800,Playing with Rafael,Playing with Rafael,Tv,Brazil,10300000.0,3900.0,25.0,Youtube
801,Jamuna TV,Jamuna TV,News & Politics,Bangladesh,10300000.0,60100.0,1500.0,Youtube
802,Cris Devil Gamer,Cris Devil Gamer,Music & Dance,United States,10300000.0,460500.0,19900.0,Youtube
803,prantoniojunior,Pastor Antônio Júnior,Music & Dance,Brazil,10300000.0,341000.0,79900.0,Youtube
804,Pari's Lifestyle,Pari's Lifestyle,Daily vlogs,India,10300000.0,545600.0,12100.0,Youtube
805,sbtthenoite,The Noite com Danilo Gentili,Tv,Brazil,10300000.0,26400.0,1400.0,Youtube
806,HISHEdotcom,How It Should Have Ended,Movies,United States,10300000.0,903900.0,33900.0,Youtube
807,penguinz0,penguinz0,Animation,United States,10300000.0,1400000.0,49300.0,Youtube
808,destinws2,SmarterEveryDay,Science & Technology,United States,10300000.0,1900000.0,72200.0,Youtube
809,Flowers Comedy,Flowers Comedy,Tv,India,10300000.0,124500.0,2000.0,Youtube
810,lucygerardi43,Luli Pampín,Music & Dance,Varios,10300000.0,546600.0,3100.0,Youtube
811,cbstvdinsideedition,Inside Edition,News & Politics,United States,10300000.0,213100.0,5500.0,Youtube
812,Oum Walid,Oum Walid,Education,Algeria,10300000.0,527800.0,29400.0,Youtube
813,Lofi Girl,Lofi Girl,Music & Dance,United States,10300000.0,96900.0,3800.0,Youtube
814,TwinRoozi 쌍둥이 루지,TwinRoozi 쌍둥이 루지,Daily vlogs,Indonesia,10300000.0,197500.0,4100.0,Youtube
815,infobellskannada,infobells - Kannada,Education,Varios,10300000.0,759400.0,3300.0,Youtube
816,Mrwhosetheboss,Mrwhosetheboss,Science & Technology,United States,10300000.0,2700000.0,152900.0,Youtube
817,TikTak Draw,TikTak Draw,Science & Technology,Mexico,10300000.0,120900.0,7700.0,Youtube
818,sagahits,SagaHits,Music & Dance,India,10300000.0,45300.0,1200.0,Youtube
819,Sab kuchh sikho jano,Sab kuchh sikho jano,News & Politics,India,10200000.0,28800.0,1500.0,Youtube
820,zeetamil,Zee Tamil,Tv,India,10200000.0,85000.0,1600.0,Youtube
821,Milena Stepanienco - MILENINHA,Milena Stepanienco - MILENINHA,Toys,Brazil,10200000.0,342500.0,2600.0,Youtube
822,Wylsacom,Wylsacom,News & Politics,Russia,10200000.0,946900.0,38800.0,Youtube
823,TWO SIDE GAMERS,TWO SIDE GAMERS,Tv,India,10100000.0,681400.0,62300.0,Youtube
824,aljazeerachannel,AlJazeera Channel قناة الجزيرة,News & Politics,Morocco,10100000.0,36700.0,485.0,Youtube
825,cleanbandit,Clean Bandit,Music & Dance,United States,10100000.0,64800.0,2100.0,Youtube
826,JessicaJulioeBaby,Laurinha e Helena - Clubinho da Laura,Toys,Brazil,10100000.0,246100.0,5700.0,Youtube
827,Rawan and Rayan,Rawan and Rayan,Daily vlogs,Algeria,10100000.0,1000000.0,61500.0,Youtube
828,T-STUDIO,T-STUDIO,Tv,United States,10100000.0,50200.0,4900.0,Youtube
829,TV9 Bharatvarsh,TV9 Bharatvarsh,News & Politics,India,10100000.0,27900.0,484.0,Youtube
830,AsapSCIENCE,AsapSCIENCE,Science & Technology,United States,10100000.0,772000.0,55800.0,Youtube
831,Caso Cerrado,Caso Cerrado,Tv,Mexico,10100000.0,410700.0,4700.0,Youtube
832,DalasReview,Dalas Review,Science & Technology,Mexico,10100000.0,684700.0,82100.0,Youtube
833,francoescamilla,Franco Escamilla,Tv,Mexico,10100000.0,450000.0,16200.0,Youtube
834,Pinkfong en español - Canciones Infantiles,Pinkfong en español - Canciones Infantiles,Animation,Varios,10100000.0,44900.0,156.0,Youtube
835,BE AMAZED,BE AMAZED,Education,United States,10100000.0,577000.0,14100.0,Youtube
836,Pen Multiplex,Pen Multiplex,Tv,India,10100000.0,10300.0,60.0,Youtube
837,0214mex,はじめしゃちょー（hajime）,Music & Dance,Japan,10100000.0,1200000.0,34200.0,Youtube
838,Republic Bharat,Republic Bharat,News & Politics,India,10100000.0,15400.0,393.8,Youtube
839,Captain Watch Hits,Captain Watch Hits,Tv,India,10100000.0,41200.0,234.0,Youtube
840,Влад и Никита,Влад и Никита,Toys,Varios,10100000.0,1000000.0,6000.0,Youtube
841,Dynamo Gaming,Dynamo Gaming,Tv,India,10100000.0,497900.0,58500.0,Youtube
842,TomorrowlandChannel,Tomorrowland,Music & Dance,Brazil,10100000.0,19400.0,914.0,Youtube
843,VitalyzdTv,VitalyzdTv,Humor,United States,10100000.0,67900.0,1200.0,Youtube
844,вДудь,вДудь,News & Politics,Russia,10100000.0,16800000.0,615500.0,Youtube
845,atv,atv,Animation,Turkey,10100000.0,41200.0,420.0,Youtube
846,Rachit Rojha,Rachit Rojha,Tv,India,10100000.0,5200000.0,101800.0,Youtube
847,ChuChuTV Hindi,ChuChuTV Hindi,Education,Varios,10100000.0,160600.0,1000.0,Youtube
848,MTV,MTV,Music & Dance,United States,10100000.0,6700.0,343.0,Youtube
849,Hindi Kahaniya,Hindi Kahaniya,Tv,India,10100000.0,159200.0,1900.0,Youtube
850,ctctv,СТС,Video games,Russia,10100000.0,19000.0,168.0,Youtube
851,Luan Palomera,Luan Palomera,Tv,Mexico,10100000.0,757500.0,40200.0,Youtube
852,Hindi Fairy Tales,Hindi Fairy Tales,Tv,India,10100000.0,557200.0,9300.0,Youtube
853,Hindi Countdown,Hindi Countdown,Education,India,10100000.0,3600000.0,89600.0,Youtube
854,Diana and Roma IND,Diana and Roma IND,Tv,Varios,10100000.0,294000.0,1800.0,Youtube
855,Lorrayne Oliveira,Lorrayne Oliveira,Toys,Brazil,10100000.0,281500.0,17500.0,Youtube
856,Busy Fun Ltd,Busy Fun Ltd,Tv,India,10100000.0,2400000.0,13900.0,Youtube
857,Goldmines Housefull,Goldmines Housefull,Tv,Varios,10000000.0,13400.0,415.4,Youtube
858,RDCGujarati,RDC Gujarati,Music & Dance,India,10000000.0,26100.0,808.0,Youtube
859,Wolfoo's stories,Wolfoo's stories,Animation,Varios,10000000.0,724300.0,4200.0,Youtube
860,Juice WRLD,Juice WRLD,Music & Dance,United States,10000000.0,7600000.0,308300.0,Youtube
861,jordanmatter,Jordan Matter,Music & Dance,United States,10000000.0,4900000.0,137000.0,Youtube
862,whoisjimmy,How Ridiculous,Sports,United States,9900000.0,25500000.0,750300.0,Youtube
863,BestCodComedy,BCC Gaming,Video games,United States,9900000.0,2300.0,75.0,Youtube
864,familyfunpack,Family Fun Pack,Tv,United States,9900000.0,114500.0,2200.0,Youtube
865,makebymarimaria,Mari Maria,Fashion,Brazil,9900000.0,132100.0,13800.0,Youtube
866,Toymong tv 토이몽TV,Toymong tv 토이몽TV,Tv,Varios,9900000.0,27100.0,211.0,Youtube
867,BERTH-OH,BERTH-OH,Tv,Mexico,9900000.0,520000.0,24600.0,Youtube
868,Comedy Captain,Comedy Captain,Tv,India,9900000.0,16300.0,127.0,Youtube
869,Joe HaTTab,Joe HaTTab,Travel,Saudi Arabia,9900000.0,3500000.0,233200.0,Youtube
870,NASAtelevision,NASA,News & Politics,United States,9900000.0,92600.0,4200.0,Youtube
871,historychannel,HISTORY,Tv,United States,9900000.0,71200.0,1300.0,Youtube
872,MSA previously My Story Animated,MSA previously My Story Animated,Animation,United States,9900000.0,5400000.0,154000.0,Youtube
873,Nirahua Music World,Nirahua Music World,Tv,India,9900000.0,112600.0,5000.0,Youtube
874,Nickelodeon,Nickelodeon,Movies,Varios,9900000.0,60000.0,767.0,Youtube
875,Will Smith,Will Smith,Movies,United States,9900000.0,332200.0,10500.0,Youtube
876,Heroine Movies 2022,Heroine Movies 2022,Daily vlogs,India,9900000.0,151900.0,1100.0,Youtube
877,WAMIndiaMovies,Wamindia Movies,Tv,India,9900000.0,138500.0,2200.0,Youtube
878,shrutiarjunanand,Shruti Arjun Anand,Movies,India,9800000.0,1500000.0,47100.0,Youtube
879,barcroftmedia,truly,News & Politics,United States,9800000.0,105000.0,4750.8,Youtube
880,5-Minute Recipes,5-Minute Recipes,Tv,India,9800000.0,76400.0,860.0,Youtube
881,rathorvideo,Rathore Cassettes,Tv,India,9800000.0,13500.0,134.0,Youtube
882,buzzfeedblue,BuzzFeed Multiplayer,Tv,United States,9800000.0,8500.0,342.0,Youtube
883,5-Minute Crafts LIKE,5-Minute Crafts LIKE,Tv,United States,9800000.0,48300.0,394.0,Youtube
884,panicopgm,Programa Pânico Lab,Toys,Brazil,9800000.0,22900.0,1100.0,Youtube
885,RUOK FF,RUOK FF,Tv,Brazil,9800000.0,687000.0,80700.0,Youtube
886,htv2channel,Vie Channel - HTV2,Music & Dance,United States,9800000.0,8500.0,114.0,Youtube
887,KiKiDo,KiKiDo,Video games,Russia,9800000.0,1700000.0,44000.0,Youtube
888,MBCkpop,MBCkpop,Music & Dance,Philippines,9800000.0,19000.0,925.0,Youtube
889,Receitas de Pai,Receitas de Pai,Food & Drinks,Brazil,9800000.0,99000.0,13000.0,Youtube
890,TheSyndicateProject,Syndicate,Video games,United States,9800000.0,157700.0,4900.0,Youtube
891,Family Box,Family Box,Video games,Russia,9800000.0,510700.0,9700.0,Youtube
892,Sơn Tùng M-TP Official,Sơn Tùng M-TP Official,Music & Dance,United States,9800000.0,61200.0,4600.0,Youtube
893,Peppa Pig Hindi,Peppa Pig Hindi,Education,Varios,9800000.0,338900.0,2500.0,Youtube
894,Vlad and Niki PRT,Vlad and Niki PRT,Tv,Varios,9700000.0,1800000.0,84040.0,Youtube
895,OneRepublic,OneRepublic,Music & Dance,United States,9700000.0,9900.0,749.0,Youtube
896,BBCArabicNews,BBC News عربي,News & Politics,Egypt,9700000.0,38500.0,736.0,Youtube
897,The Daily Show with Trevor Noah,The Daily Show with Trevor Noah,News & Politics,United States,9700000.0,497400.0,10200.0,Youtube
898,Islam Populer,Islam Populer,Education,Indonesia,9700000.0,82300.0,2100.0,Youtube
899,Viki Show,Viki Show,Humor,Russia,9700000.0,2800000.0,109600.0,Youtube
900,Raditya Dika,Raditya Dika,Food & Drinks,Indonesia,9700000.0,179200.0,7800.0,Youtube
901,mrplotvideos,Mundo Bita,Music & Dance,Varios,9700000.0,505900.0,4900.0,Youtube
902,مصطفى GAME OVER,مصطفى GAME OVER,Tv,Iraq,9700000.0,658900.0,74900.0,Youtube
903,ChennaiExp2013,Red Chillies Entertainment,Tv,India,9700000.0,28400.0,990.0,Youtube
904,MrGustavoParodias,Gustavo Paródias,Humor,Brazil,9700000.0,214500.0,22000.0,Youtube
905,ChuChuTV Español,ChuChuTV Español,Humor,Varios,9700000.0,35000.0,204.0,Youtube
906,welovekamikaze,welovekamikaze,Tv,Thailand,9700000.0,3000.0,132.0,Youtube
907,singkingkaraoke,Sing King,Music & Dance,United States,9700000.0,10800.0,157.0,Youtube
908,EugenBro,EugenBro,Video games,Russia,9700000.0,724300.0,36500.0,Youtube
909,KapilComedyNights,Colors Rishtey,Tv,India,9700000.0,247300.0,1700.0,Youtube
910,Larva2011ani,Larva TUBA,Tv,United States,9600000.0,21800.0,259.0,Youtube
911,Netflix Latinoamérica,Netflix Latinoamérica,Tv,Mexico,9600000.0,20300.0,993.0,Youtube
912,ThePersica,Orkun Işıtmak,Video games,Turkey,9600000.0,1700000.0,75500.0,Youtube
913,TeremokTV,Теремок ТВ,Video games,Varios,9600000.0,117300.0,546.0,Youtube
914,Prince Royce,Prince Royce,Music & Dance,United States,9600000.0,7000000.0,160800.0,Youtube
915,قناة وناسة -  Wanasah TV,قناة وناسة -  Wanasah TV,Music & Dance,Varios,9600000.0,12400000.0,78200.0,Youtube
916,Heidi y Zidane en español,Heidi y Zidane en español,Toys,Varios,9600000.0,339400.0,2200.0,Youtube
917,SerbianGamesBL2,Life Hacks & Experiments,Tv,United States,9600000.0,42500.0,194.0,Youtube
918,mainaCassette,Haryanvi Maina,Music & Dance,India,9600000.0,6300.0,55.0,Youtube
919,mamilosmolengas,Mussoumano,Music & Dance,Brazil,9600000.0,860500.0,88200.0,Youtube
920,sadhguru,Sadhguru,Tv,India,9600000.0,196700.0,9600.0,Youtube
921,Sonotek Haryanvi,Sonotek Haryanvi,Music & Dance,India,9600000.0,11300.0,192.0,Youtube
922,Survival Builder,Survival Builder,Tv,United States,9600000.0,151600.0,3300.0,Youtube
923,luisitorey,luisitorey,Tv,Mexico,9600000.0,33100.0,2200.0,Youtube
924,Bispo Bruno Leonardo,Bispo Bruno Leonardo,Music & Dance,Brazil,9600000.0,577900.0,208700.0,Youtube
925,bgfilms,Babish Culinary Universe,Food & Drinks,United States,9600000.0,817900.0,34400.0,Youtube
926,5-Minute Crafts TEENS,5-Minute Crafts TEENS,Tv,India,9600000.0,23800.0,386.0,Youtube
927,BIBI,BIBI,Tv,Brazil,9600000.0,30800.0,3000.0,Youtube
928,ZarcortGame,ZarcortGame,Music & Dance,Mexico,9500000.0,111000.0,15300.0,Youtube
929,DELRECORDS,DEL Records,Music & Dance,Mexico,9500000.0,289000.0,12800.0,Youtube
930,ehbeefamily,The Bee Family,Humor,United States,9500000.0,58000.0,2600.0,Youtube
931,Eagle Home Entertainments,Eagle Home Entertainments,Tv,India,9500000.0,3000.0,27.0,Youtube
932,Ben Azelart,Ben Azelart,Video games,United States,9500000.0,2300000.0,89300.0,Youtube
933,PicaPicaVEVO,Pica - Pica Oficial,Tv,Varios,9500000.0,211500.0,519.0,Youtube
934,Talent Recap,Talent Recap,Music & Dance,United States,9500000.0,33500.0,328.0,Youtube
935,lincolnvelasquez,Cong TV,Tv,Philippines,9500000.0,2500000.0,163600.0,Youtube
936,Garena Free Fire Brasil,Garena Free Fire Brasil,Video games,Brazil,9500000.0,200900.0,3100.0,Youtube
937,InquisitorMaster,InquisitorMaster,Animation,United States,9500000.0,544300.0,20500.0,Youtube
938,Niki and Gabi,Niki and Gabi,Fashion,United States,9500000.0,485500.0,25200.0,Youtube
939,منوعات الكوميديا العراقية,منوعات الكوميديا العراقية,Tv,Iraq,9500000.0,1400000.0,78500.0,Youtube
940,TopMovieClips,TopMovieClips,Movies,United States,9500000.0,268300.0,5400.0,Youtube
941,timesmusicindia,Times Music,Music & Dance,India,9500000.0,456100.0,10300.0,Youtube
942,DaBaby,DaBaby,Music & Dance,United States,9500000.0,976400.0,36400.0,Youtube
943,Dharma Productions,Dharma Productions,Tv,India,9500000.0,20400.0,1200.0,Youtube
944,IniTalkShow,Ini Talk Show,Music & Dance,Indonesia,9500000.0,0.0,840.0,Youtube
945,BETO GAMER,BETO GAMER,Animation,Brazil,9500000.0,448900.0,28100.0,Youtube
946,MrStiven Tc,MrStiven Tc,Video games,Colombia,9500000.0,671700.0,66900.0,Youtube
947,NetflixBRA,Netflix Brasil,Humor,Brazil,9400000.0,23300.0,1600.0,Youtube
948,JoeyGraceffa,Joey Graceffa,Animals & Pets,United States,9400000.0,317900.0,23300.0,Youtube
949,aanandaaudio,Anand Audio,Tv,India,9400000.0,132300.0,3600.0,Youtube
950,sonyliv,SonyLIV,Tv,India,9400000.0,3400.0,56.0,Youtube
951,서은이야기[SeoeunStory],서은이야기[SeoeunStory],Tv,Varios,9400000.0,36500.0,176.0,Youtube
952,Grandpa Kitchen,Grandpa Kitchen,Food & Drinks,United States,9400000.0,162700.0,8600.0,Youtube
953,MrMuselk,Muselk,Video games,United States,9400000.0,465500.0,19600.0,Youtube
954,JoshDub,JoshDub,Animation,United States,9400000.0,0.0,923.6,Youtube
955,BrPVPHu3,João Caetano,Tv,Brazil,9400000.0,755500.0,69100.0,Youtube
956,Power Vision,Power Vision,Tv,United States,9400000.0,24100.0,428.0,Youtube
957,N1Noobtubers,웃웃TwinsFromRussia,Daily vlogs,India,9400000.0,55600.0,3600.0,Youtube
958,bhaktisongs,Shemaroo Bhakti,Music & Dance,India,9400000.0,2800.0,45.0,Youtube
959,The Voice Global,The Voice Global,Music & Dance,United States,9400000.0,320800.0,4100.0,Youtube
960,POPSVIETNAM,POPS MUSIC,Music & Dance,United States,9400000.0,7700.0,217.0,Youtube
961,CRACKS,CRACKS,Video games,Colombia,9400000.0,21300.0,2000.0,Youtube
962,hasanjr11,hasanjr11,Tv,Indonesia,9400000.0,23000.0,2300.0,Youtube
963,Adriana Show,Adriana Show,Animation,Varios,9400000.0,53800.0,1620.8,Youtube
964,Cleo y Cuquin - Canciones infantiles,Cleo y Cuquin - Canciones infantiles,Music & Dance,Varios,9400000.0,225100.0,1000.0,Youtube
965,efdewe,efdewe,Music & Dance,Indonesia,9300000.0,195000.0,11200.0,Youtube
966,SAS-ASMR,SAS-ASMR,Tv,United States,9300000.0,216700.0,7300.0,Youtube
967,fozimozi,Fozi Mozi,Tv,Varios,9300000.0,273100.0,3200.0,Youtube
968,sonotektv,Sonotek Music,Music & Dance,India,9300000.0,1600000.0,34500.0,Youtube
969,TeremokSongs,Теремок - Песенки для детей,Music & Dance,Russia,9300000.0,115400.0,615.0,Youtube
970,YFrostA,FROST,Video games,Russia,9300000.0,560500.0,48500.0,Youtube
971,DreamworksAnimation,Peacock Kids,Tv,Varios,9300000.0,12200.0,47.0,Youtube
972,RSVDO,rsfriends,Music & Dance,Thailand,9300000.0,4400.0,118.0,Youtube
973,Classic Mr Bean,Classic Mr Bean,Tv,India,9300000.0,86000.0,1000.0,Youtube
974,LetDa Hyper,LetDa Hyper,Music & Dance,Indonesia,9300000.0,95000.0,5200.0,Youtube
975,brunoberti10,Irmãos Berti,Toys,Brazil,9300000.0,116300.0,7000.0,Youtube
976,Karina Garcia,Karina Garcia,DIY & Life Hacks,United States,9300000.0,220800.0,9200.0,Youtube
977,Bhojpuri Movies,Bhojpuri Movies,Tv,India,9300000.0,4200000.0,14900.0,Youtube
978,Dolly and Friends,Dolly and Friends,Animation,Varios,9300000.0,415300.0,2700.0,Youtube
979,PlaticaPolinesa,PlaticaPolinesia,Music & Dance,Mexico,9300000.0,38500.0,3900.0,Youtube
980,Bessan Ismail - بيسان اسماعيل,Bessan Ismail - بيسان اسماعيل,Tv,Iraq,9300000.0,1900000.0,175100.0,Youtube
981,FoxNewsChannel,Fox News,News & Politics,United States,9300000.0,207100.0,5100.0,Youtube
982,RoosterTeeth,Rooster Teeth,Movies,United States,9300000.0,40800.0,1300.0,Youtube
983,Rayito,Rayito,Tv,Mexico,9300000.0,7600.0,306.0,Youtube
984,[햄지]Hamzy,[햄지]Hamzy,Tv,United States,9300000.0,2500000.0,55800.0,Youtube
985,monsta,Monsta,Tv,Indonesia,9200000.0,44800.0,1200.0,Youtube
986,Soothing Relaxation,Soothing Relaxation,Music & Dance,United States,9200000.0,112300.0,3600.0,Youtube
987,NFL,NFL,Sports,United States,9200000.0,107300.0,1800.0,Youtube
988,FilterCopy,FilterCopy,Tv,India,9200000.0,723400.0,24300.0,Youtube
989,Thơ Nguyễn,Thơ Nguyễn,Tv,United States,9200000.0,266600.0,3900.0,Youtube
990,Troom Troom SELECT,Troom Troom SELECT,Movies,United States,9200000.0,342700.0,4000.0,Youtube
991,chetakvideo,Chetak,Music & Dance,India,9200000.0,15600.0,308.0,Youtube
992,Denis,Denis,Video games,United States,9200000.0,194200.0,9100.0,Youtube
993,cartoonnetworkuk,Cartoon Network UK,Tv,Varios,9200000.0,47300.0,387.0,Youtube
994,Tom Slime,Tom Slime,Tv,United States,9200000.0,21000.0,206.0,Youtube
995,FutParódias,FutParódias,Music & Dance,Brazil,9200000.0,1400000.0,110100.0,Youtube
996,EL GATO,EL GATO,Toys,Brazil,9200000.0,243800.0,30700.0,Youtube
997,CinemaSins,CinemaSins,Movies,United States,9200000.0,296000.0,10200.0,Youtube
998,CricketICC,ICC,Sports,India,9200000.0,15200.0,854.0,Youtube
999,BRKsEDU,BRKsEDU,Animation,Brazil,9200000.0,112300.0,9800.0,Youtube
